game_id,condition,round,total_rounds,phase,han_scs,sc_delta,pressure,pressure_pos,unit,order_type,action,target,support_state,reasoning_chars
control_opus_20260329_124001_df65,control,1,20,early,3,1,gaining,stable,shangdang,hold,hold,,,49
control_opus_20260329_124001_df65,control,1,20,early,3,1,gaining,stable,zheng,move,move,shangcai,,51
control_opus_20260329_124001_df65,control,2,20,early,1,-2,crisis,losing,zheng,hold,hold,,,155
control_opus_20260329_124001_df65,control,2,20,early,1,-2,crisis,losing,shangcai,support,self_support,zheng,han,127
control_opus_20260329_124001_df65,control,2,20,early,1,-2,crisis,losing,shangdang,move,move,zhongtiao,,148
control_opus_20260329_124001_df65,control,3,20,early,2,1,gaining,stable,zheng,move,move,wuguan_pass,,220
control_opus_20260329_124001_df65,control,3,20,early,2,1,gaining,stable,taihang_north,move,move,shangdang,,184
control_opus_20260329_124001_df65,control,4,20,early,2,0,stable,stable,shangdang,support,self_support,zheng,han,111
control_opus_20260329_124001_df65,control,4,20,early,2,0,stable,stable,zheng,hold,hold,,,138
control_opus_20260329_124001_df65,control,5,20,early,2,0,stable,stable,shangdang,hold,hold,,,155
control_opus_20260329_124001_df65,control,5,20,early,2,0,stable,stable,zheng,move,move,wuguan_pass,,257
control_opus_20260329_124001_df65,control,6,20,early,1,-1,losing,losing,shangdang,hold,hold,,,131
control_opus_20260329_124001_df65,control,6,20,early,1,-1,losing,losing,wuguan_pass,move,move,nanyang,,186
control_opus_20260329_124001_df65,control,7,20,mid,1,0,stable,losing,shangdang,hold,hold,,,249
control_opus_20260329_124001_df65,control,8,20,mid,1,0,stable,losing,shangdang,hold,hold,,,178
control_opus_20260329_124001_df65,control,9,20,mid,1,0,stable,losing,shangdang,move,move,zheng,,290
control_opus_20260329_124001_df65,control,10,20,mid,0,-1,losing,losing,zheng,move,move,luoyang,,134
control_opus_20260329_165843_aee4,control,1,20,early,2,0,stable,stable,shangdang,move,move,zhongtiao,,206
control_opus_20260329_165843_aee4,control,1,20,early,2,0,stable,stable,zheng,move,move,luoyang,,296
control_opus_20260329_165843_aee4,control,2,20,early,2,0,stable,stable,zheng,move,move,luoyang,,193
control_opus_20260329_165843_aee4,control,2,20,early,2,0,stable,stable,zhongtiao,move,move,shangdang,,257
control_opus_20260329_165843_aee4,control,3,20,early,1,-1,losing,losing,shangdang,hold,hold,,,227
control_opus_20260329_165843_aee4,control,3,20,early,1,-1,losing,losing,zheng,move,move,luoyang,,288
control_opus_20260329_165843_aee4,control,4,20,early,1,0,stable,losing,shangdang,hold,hold,,,374
control_opus_20260329_165843_aee4,control,5,20,early,1,0,stable,losing,shangdang,hold,hold,,,394
control_opus_20260329_165843_aee4,control,6,20,early,1,0,stable,losing,shangdang,hold,hold,,,546
control_opus_20260329_165843_aee4,control,7,20,mid,1,0,stable,losing,shangdang,hold,hold,,,539
control_opus_20260329_165843_aee4,control,8,20,mid,0,-1,losing,losing,shangdang,hold,hold,,,82
control_opus_20260403_125741_8c67,control,1,16,early,2,0,stable,stable,shangdang,move,move,taihang,,163
control_opus_20260403_125741_8c67,control,1,16,early,2,0,stable,stable,zheng,move,move,luoyang,,234
control_opus_20260403_125741_8c67,control,2,16,early,1,-1,losing,losing,shangdang,move,move,taihang,,276
control_opus_20260403_125741_8c67,control,2,16,early,1,-1,losing,losing,zheng,move,move,luoyang,,333
control_opus_20260403_125741_8c67,control,3,16,early,1,0,stable,losing,shangdang,hold,hold,,,213
control_opus_20260403_125741_8c67,control,4,16,early,0,-1,losing,losing,shangdang,move,move,zhongtiao,,434
control_opus_20260403_125743_cf36,control,1,20,early,2,0,stable,stable,shangdang,hold,hold,,,220
control_opus_20260403_125743_cf36,control,1,20,early,2,0,stable,stable,zheng,move,move,luoyang,,300
control_opus_20260403_125743_cf36,control,2,20,early,2,0,stable,stable,shangdang,hold,hold,,,124
control_opus_20260403_125743_cf36,control,2,20,early,2,0,stable,stable,zheng,move,move,luoyang,,110
control_opus_20260403_125743_cf36,control,3,20,early,2,0,stable,stable,shangdang,hold,hold,,,180
control_opus_20260403_125743_cf36,control,3,20,early,2,0,stable,stable,yewang,hold,hold,,,256
control_opus_20260403_125743_cf36,control,4,20,early,3,1,gaining,stable,shangdang,move,move,zheng,,27
control_opus_20260403_125743_cf36,control,4,20,early,3,1,gaining,stable,yewang,support,self_support,zheng,han,38
control_opus_20260403_125743_cf36,control,5,20,early,4,1,gaining,stable,zheng,move,move,shangcai,,108
control_opus_20260403_125743_cf36,control,5,20,early,4,1,gaining,stable,shangdang,hold,hold,,,64
control_opus_20260403_125743_cf36,control,5,20,early,4,1,gaining,stable,yewang,hold,hold,,,87
control_opus_20260403_125743_cf36,control,6,20,early,4,0,stable,stable,zheng,move,move,luoyang,,166
control_opus_20260403_125743_cf36,control,6,20,early,4,0,stable,stable,shangcai,support,self_support,zheng,han,168
control_opus_20260403_125743_cf36,control,6,20,early,4,0,stable,stable,shangdang,hold,hold,,,143
control_opus_20260403_125743_cf36,control,6,20,early,4,0,stable,stable,yewang,hold,hold,,,163
control_opus_20260403_125743_cf36,control,7,20,mid,4,0,stable,stable,zheng,move,move,luoyang,,128
control_opus_20260403_125743_cf36,control,7,20,mid,4,0,stable,stable,yewang,support,other_support,henei,wei,140
control_opus_20260403_125743_cf36,control,7,20,mid,4,0,stable,stable,shangdang,hold,hold,,,134
control_opus_20260403_125743_cf36,control,7,20,mid,4,0,stable,stable,shangcai,hold,hold,,,139
control_opus_20260403_125743_cf36,control,8,20,mid,4,0,stable,stable,zheng,move,move,luoyang,,216
control_opus_20260403_125743_cf36,control,8,20,mid,4,0,stable,stable,yewang,move,move,taihang,,211
control_opus_20260403_125743_cf36,control,8,20,mid,4,0,stable,stable,shangdang,support,self_support,taihang,han,187
control_opus_20260403_125743_cf36,control,8,20,mid,4,0,stable,stable,shangcai,hold,hold,,,159
control_opus_20260403_125743_cf36,control,9,20,mid,4,0,stable,stable,zheng,move,move,luoyang,,120
control_opus_20260403_125743_cf36,control,9,20,mid,4,0,stable,stable,shangdang,hold,hold,,,148
control_opus_20260403_125743_cf36,control,9,20,mid,4,0,stable,stable,taihang,support,self_support,shangdang,han,122
control_opus_20260403_125743_cf36,control,9,20,mid,4,0,stable,stable,shangcai,move,move,huai_river,,133
control_opus_20260403_125743_cf36,control,10,20,mid,4,0,stable,stable,zheng,move,move,luoyang,,177
control_opus_20260403_125743_cf36,control,10,20,mid,4,0,stable,stable,shangdang,support,self_support,taihang,han,176
control_opus_20260403_125743_cf36,control,10,20,mid,4,0,stable,stable,taihang,hold,hold,,,182
control_opus_20260403_125743_cf36,control,10,20,mid,4,0,stable,stable,huai_river,hold,hold,,,182
control_opus_20260403_125743_cf36,control,11,20,mid,3,-1,losing,stable,zheng,move,move,luoyang,,197
control_opus_20260403_125743_cf36,control,11,20,mid,3,-1,losing,stable,shangdang,support,self_support,taihang_north,han,195
control_opus_20260403_125743_cf36,control,11,20,mid,3,-1,losing,stable,taihang,move,move,taihang_north,,203
control_opus_20260403_125743_cf36,control,11,20,mid,3,-1,losing,stable,huai_river,hold,hold,,,229
control_opus_20260403_125743_cf36,control,12,20,mid,2,-1,losing,stable,zheng,move,move,luoyang,,133
control_opus_20260403_125743_cf36,control,12,20,mid,2,-1,losing,stable,huai_river,support,self_support,shangcai,han,144
control_opus_20260403_125743_cf36,control,12,20,mid,2,-1,losing,stable,shangdang,hold,hold,,,121
control_opus_20260403_125743_cf36,control,13,20,mid,2,0,stable,stable,shangdang,hold,hold,,,239
control_opus_20260403_125743_cf36,control,13,20,mid,2,0,stable,stable,huai_river,hold,hold,,,221
control_opus_20260403_125743_cf36,control,14,20,late,1,-1,losing,losing,huai_river,hold,hold,,,139
control_opus_20260403_125743_cf36,control,14,20,late,1,-1,losing,losing,shangdang,hold,hold,,,126
control_opus_20260403_125743_cf36,control,15,20,late,1,0,stable,losing,shangdang,hold,hold,,,182
control_opus_20260403_125743_cf36,control,16,20,late,1,0,stable,losing,shangdang,hold,hold,,,201
control_opus_20260403_125743_cf36,control,17,20,late,1,0,stable,losing,shangdang,hold,hold,,,417
control_opus_20260403_125743_cf36,control,18,20,late,1,0,stable,losing,shangdang,hold,hold,,,400
control_opus_20260403_125743_cf36,control,19,20,late,1,0,stable,losing,shangdang,hold,hold,,,328
control_opus_20260403_125743_cf36,control,20,20,late,1,0,stable,losing,shangdang,hold,hold,,,184
control_opus_20260404_101008_523c,control,1,20,early,2,0,stable,stable,shangdang,hold,hold,,,196
control_opus_20260404_101008_523c,control,1,20,early,2,0,stable,stable,zheng,move,move,luoyang,,269
control_opus_20260404_101008_523c,control,2,20,early,2,0,stable,stable,shangdang,hold,hold,,,139
control_opus_20260404_101008_523c,control,2,20,early,2,0,stable,stable,zheng,move,move,luoyang,,185
control_opus_20260404_101008_523c,control,3,20,early,1,-1,losing,losing,shangdang,hold,hold,,,230
control_opus_20260404_101008_523c,control,3,20,early,1,-1,losing,losing,zheng,move,move,luoyang,,299
control_opus_20260404_101008_523c,control,4,20,early,1,0,stable,losing,zheng,move,move,shangcai,,319
control_opus_20260404_101008_523c,control,5,20,early,1,0,stable,losing,zheng,move,move,shangcai,,368
control_opus_20260404_101008_523c,control,6,20,early,1,0,stable,losing,zheng,move,move,shangcai,,358
control_opus_20260404_101008_523c,control,7,20,mid,1,0,stable,losing,yewang,support,other_support,zheng,wei,333
control_opus_20260404_101008_523c,control,8,20,mid,1,0,stable,losing,yewang,move,move,henei,,510
control_opus_20260404_101008_523c,control,9,20,mid,1,0,stable,losing,yewang,support,other_support,henei,zhao,253
control_opus_20260404_101008_523c,control,10,20,mid,1,0,stable,losing,yewang,support,other_support,henei,zhao,636
control_opus_20260404_101008_523c,control,11,20,mid,1,0,stable,losing,yewang,move,move,henei,,194
control_opus_20260404_101008_523c,control,12,20,mid,1,0,stable,losing,henei,hold,hold,,,669
control_opus_20260404_101008_523c,control,13,20,mid,1,0,stable,losing,henei,hold,hold,,,389
control_opus_20260404_101008_523c,control,14,20,late,1,0,stable,losing,henei,hold,hold,,,81
control_opus_20260404_101008_523c,control,15,20,late,1,0,stable,losing,henei,hold,hold,,,291
control_opus_20260404_101008_523c,control,16,20,late,1,0,stable,losing,henei,hold,hold,,,567
control_opus_20260404_101008_523c,control,17,20,late,1,0,stable,losing,yewang,support,other_support,henei,wei,153
control_opus_20260404_101008_523c,control,18,20,late,1,0,stable,losing,yewang,hold,hold,,,462
control_opus_20260404_101008_523c,control,19,20,late,1,0,stable,losing,yewang,support,other_support,henei,wei,426
control_opus_20260404_101008_523c,control,20,20,late,1,0,stable,losing,yewang,move,move,henei,,263
control_opus_20260404_101008_8291,control,1,20,early,2,0,stable,stable,shangdang,move,move,taihang,,187
control_opus_20260404_101008_8291,control,1,20,early,2,0,stable,stable,zheng,move,move,luoyang,,247
control_opus_20260404_101008_8291,control,2,20,early,2,0,stable,stable,zheng,move,move,shangcai,,176
control_opus_20260404_101008_8291,control,2,20,early,2,0,stable,stable,shangdang,hold,hold,,,127
control_opus_20260404_101008_8291,control,3,20,early,2,0,stable,stable,shangdang,hold,hold,,,226
control_opus_20260404_101008_8291,control,3,20,early,2,0,stable,stable,zheng,move,move,shangcai,,341
control_opus_20260404_101008_8291,control,4,20,early,2,0,stable,stable,zheng,move,move,luoyang,,78
control_opus_20260404_101008_8291,control,4,20,early,2,0,stable,stable,shangdang,hold,hold,,,49
control_opus_20260404_101008_8291,control,5,20,early,2,0,stable,stable,zheng,move,move,shangcai,,61
control_opus_20260404_101008_8291,control,5,20,early,2,0,stable,stable,shangdang,move,move,zhongtiao,,75
control_opus_20260404_101008_8291,control,6,20,early,1,-1,losing,losing,zheng,move,move,shangcai,,88
control_opus_20260404_101008_8291,control,6,20,early,1,-1,losing,losing,zhongtiao,hold,hold,,,88
control_opus_20260404_101008_8291,control,7,20,mid,1,0,stable,losing,zheng,move,move,luoyang,,187
control_opus_20260404_101008_8291,control,8,20,mid,1,0,stable,losing,shangdang,hold,hold,,,192
control_opus_20260404_101008_8291,control,9,20,mid,1,0,stable,losing,shangdang,hold,hold,,,122
control_opus_20260404_101008_8291,control,10,20,mid,1,0,stable,losing,shangdang,hold,hold,,,542
control_opus_20260404_101008_8291,control,11,20,mid,1,0,stable,losing,shangdang,hold,hold,,,464
control_opus_20260404_101008_8291,control,12,20,mid,1,0,stable,losing,shangdang,move,move,zheng,,378
control_opus_20260404_101008_8291,control,13,20,mid,1,0,stable,losing,zheng,move,move,luoyang,,172
control_opus_20260404_101008_8291,control,14,20,late,1,0,stable,losing,shangcai,hold,hold,,,460
control_opus_20260404_101008_8291,control,15,20,late,1,0,stable,losing,shangcai,support,other_support,wuguan_pass,chu,156
control_opus_20260404_101008_8291,control,16,20,late,1,0,stable,losing,shangcai,move,move,zheng,,439
control_opus_20260404_101008_8291,control,17,20,late,1,0,stable,losing,zheng,move,move,luoyang,,149
control_opus_20260404_101008_8291,control,18,20,late,1,0,stable,losing,zheng,move,move,luoyang,,98
control_opus_20260404_101008_8291,control,19,20,late,1,0,stable,losing,zheng,move,move,luoyang,,466
control_opus_20260404_101008_8291,control,20,20,late,0,-1,losing,losing,zheng,move,move,luoyang,,203
control_opus_20260329_074444_c154,control,1,20,early,2,0,stable,stable,shangdang,hold,hold,,,150
control_opus_20260329_074444_c154,control,1,20,early,2,0,stable,stable,zheng,move,move,luoyang,,160
control_opus_20260329_074444_c154,control,2,20,early,2,0,stable,stable,shangdang,move,move,zhongtiao,,78
control_opus_20260329_074444_c154,control,2,20,early,2,0,stable,stable,zheng,move,move,luoyang,,62
control_opus_20260329_074444_c154,control,3,20,early,1,-1,losing,losing,zheng,move,move,luoyang,,121
control_opus_20260329_074444_c154,control,3,20,early,1,-1,losing,losing,zhongtiao,support,other_support,yewang,wei,104
control_opus_20260329_074444_c154,control,4,20,early,1,0,stable,losing,zheng,move,move,luoyang,,109
control_opus_20260329_074444_c154,control,5,20,early,1,0,stable,losing,shangdang,hold,hold,,,210
control_opus_20260329_074444_c154,control,6,20,early,1,0,stable,losing,shangdang,hold,hold,,,470
control_opus_20260329_074444_c154,control,7,20,mid,1,0,stable,losing,shangdang,hold,hold,,,66
control_opus_20260329_074444_c154,control,8,20,mid,1,0,stable,losing,shangdang,hold,hold,,,158
control_opus_20260329_074444_c154,control,9,20,mid,1,0,stable,losing,shangdang,hold,hold,,,0
control_opus_20260329_074444_c154,control,10,20,mid,1,0,stable,losing,shangdang,hold,hold,,,770
control_opus_20260329_074444_c154,control,11,20,mid,1,0,stable,losing,shangdang,hold,hold,,,933
control_opus_20260329_074444_c154,control,12,20,mid,1,0,stable,losing,shangdang,hold,hold,,,0
control_opus_20260329_074444_c154,control,13,20,mid,1,0,stable,losing,shangdang,hold,hold,,,0
control_opus_20260329_074444_c154,control,14,20,late,1,0,stable,losing,shangdang,hold,hold,,,0
control_opus_20260329_074444_c154,control,15,20,late,1,0,stable,losing,shangdang,hold,hold,,,421
control_opus_20260329_074444_c154,control,16,20,late,1,0,stable,losing,shangdang,hold,hold,,,360
control_opus_20260329_074444_c154,control,17,20,late,1,0,stable,losing,shangdang,move,move,taihang_north,,221
control_opus_20260329_074444_c154,control,18,20,late,1,0,stable,losing,taihang_north,move,move,handan,,425
control_opus_20260329_074444_c154,control,19,20,late,1,0,stable,losing,taihang_north,move,move,shangdang,,463
control_opus_20260329_074444_c154,control,20,20,late,1,0,stable,losing,taihang_north,move,move,handan,,347
control_opus_20260507_233507_c007,control,1,20,early,2,0,stable,stable,shangdang,hold,hold,,,233
control_opus_20260507_233507_c007,control,1,20,early,2,0,stable,stable,zheng,move,move,luoyang,,386
control_opus_20260507_233507_c007,control,2,20,early,2,0,stable,stable,shangdang,hold,hold,,,236
control_opus_20260507_233507_c007,control,2,20,early,2,0,stable,stable,zheng,move,move,luoyang,,324
control_opus_20260507_233507_c007,control,3,20,early,2,0,stable,stable,zheng,move,move,shangcai,,391
control_opus_20260507_233507_c007,control,3,20,early,2,0,stable,stable,shangdang,hold,hold,,,306
control_opus_20260507_233507_c007,control,4,20,early,1,-1,losing,losing,zheng,move,move,luoyang,,344
control_opus_20260507_233507_c007,control,4,20,early,1,-1,losing,losing,shangdang,hold,hold,,,269
control_opus_20260507_233507_c007,control,5,20,early,1,0,stable,losing,zheng,move,move,luoyang,,509
control_opus_20260507_233507_c007,control,6,20,early,1,0,stable,losing,zheng,move,move,luoyang,,450
control_opus_20260507_233507_c007,control,7,20,mid,0,-1,losing,losing,zheng,move,move,luoyang,,862
control_opus_20260508_090009_7177,control,1,20,early,2,0,stable,stable,zheng,move,move,luoyang,,293
control_opus_20260508_090009_7177,control,1,20,early,2,0,stable,stable,shangdang,hold,hold,,,341
control_opus_20260508_090009_7177,control,2,20,early,2,0,stable,stable,zheng,move,move,luoyang,,218
control_opus_20260508_090009_7177,control,2,20,early,2,0,stable,stable,shangdang,hold,hold,,,220
control_opus_20260508_090009_7177,control,3,20,early,2,0,stable,stable,shangdang,hold,hold,,,229
control_opus_20260508_090009_7177,control,3,20,early,2,0,stable,stable,zheng,move,move,luoyang,,764
control_opus_20260508_090009_7177,control,4,20,early,2,0,stable,stable,shangdang,hold,hold,,,197
control_opus_20260508_090009_7177,control,4,20,early,2,0,stable,stable,zheng,move,move,luoyang,,353
control_opus_20260508_090009_7177,control,5,20,early,2,0,stable,stable,shangdang,move,move,zheng,,221
control_opus_20260508_090009_7177,control,5,20,early,2,0,stable,stable,zheng,move,move,luoyang,,221
control_opus_20260508_090009_7177,control,6,20,early,2,0,stable,stable,zheng,move,move,luoyang,,125
control_opus_20260508_090009_7177,control,6,20,early,2,0,stable,stable,shangdang,move,move,zheng,,243
control_opus_20260508_090009_7177,control,7,20,mid,2,0,stable,stable,zheng,move,move,shangcai,,137
control_opus_20260508_090009_7177,control,7,20,mid,2,0,stable,stable,shangdang,move,move,zheng,,306
control_opus_20260508_090009_7177,control,8,20,mid,2,0,stable,stable,shangdang,move,move,zheng,,466
control_opus_20260508_090009_7177,control,8,20,mid,2,0,stable,stable,zheng,move,move,shangcai,,635
control_opus_20260508_090009_7177,control,9,20,mid,2,0,stable,stable,shangdang,support,self_support,zheng,han,212
control_opus_20260508_090009_7177,control,9,20,mid,2,0,stable,stable,zheng,hold,hold,,,326
control_opus_20260508_090009_7177,control,10,20,mid,2,0,stable,stable,shangdang,support,self_support,zheng,han,606
control_opus_20260508_090009_7177,control,10,20,mid,2,0,stable,stable,zheng,hold,hold,,,543
control_opus_20260508_090009_7177,control,11,20,mid,1,-1,losing,losing,shangdang,hold,hold,,,214
control_opus_20260508_090009_7177,control,11,20,mid,1,-1,losing,losing,zheng,support,other_support,luoyang,qin,376
control_opus_20260508_090009_7177,control,12,20,mid,1,0,stable,losing,shangdang,hold,hold,,,431
control_opus_20260508_090009_7177,control,13,20,mid,1,0,stable,losing,shangdang,hold,hold,,,407
control_opus_20260508_090009_7177,control,14,20,late,1,0,stable,losing,shangdang,move,move,zheng,,389
control_opus_20260508_090009_7177,control,15,20,late,1,0,stable,losing,zheng,hold,hold,,,906
control_opus_20260508_090009_7177,control,16,20,late,2,1,gaining,stable,zheng,move,move,yewang,,480
control_opus_20260508_090009_7177,control,17,20,late,2,0,stable,stable,yewang,support,self_support,zheng,han,530
control_opus_20260508_090009_7177,control,17,20,late,2,0,stable,stable,zheng,support,self_support,yewang,han,495
control_opus_20260508_090009_7177,control,18,20,late,2,0,stable,stable,zheng,move,move,yewang,,262
control_opus_20260508_090009_7177,control,18,20,late,2,0,stable,stable,henei,support,self_support,yewang,han,272
control_opus_20260508_090009_7177,control,19,20,late,2,0,stable,stable,henei,move,move,yewang,,299
control_opus_20260508_090009_7177,control,19,20,late,2,0,stable,stable,shangcai,hold,hold,,,289
control_opus_20260508_090009_7177,control,20,20,late,3,1,gaining,stable,shangcai,move,move,zheng,,220
control_opus_20260508_090009_7177,control,20,20,late,3,1,gaining,stable,yewang,support,self_support,zheng,han,170
control_opus_20260510_184414_c19f,control,1,20,early,2,0,stable,stable,zheng,move,move,luoyang,,320
control_opus_20260510_184414_c19f,control,1,20,early,2,0,stable,stable,shangdang,hold,hold,,,381
control_opus_20260510_184414_c19f,control,2,20,early,3,1,gaining,stable,shangdang,move,move,zheng,,322
control_opus_20260510_184414_c19f,control,2,20,early,3,1,gaining,stable,zheng,move,move,luoyang,,513
control_opus_20260510_184414_c19f,control,3,20,early,2,-1,losing,stable,shangdang,hold,hold,,,213
control_opus_20260510_184414_c19f,control,3,20,early,2,-1,losing,stable,yewang,hold,hold,,,250
control_opus_20260510_184414_c19f,control,3,20,early,2,-1,losing,stable,zheng,move,move,luoyang,,486
control_opus_20260510_184414_c19f,control,4,20,early,2,0,stable,stable,shangdang,hold,hold,,,257
control_opus_20260510_184414_c19f,control,4,20,early,2,0,stable,stable,zheng,move,move,shangcai,,683
control_opus_20260510_184414_c19f,control,5,20,early,2,0,stable,stable,shangdang,hold,hold,,,381
control_opus_20260510_184414_c19f,control,5,20,early,2,0,stable,stable,zheng,move,move,luoyang,,570
control_opus_20260510_184414_c19f,control,6,20,early,1,-1,losing,losing,shangdang,hold,hold,,,193
control_opus_20260510_184414_c19f,control,6,20,early,1,-1,losing,losing,zheng,move,move,luoyang,,457
control_opus_20260510_184414_c19f,control,7,20,mid,1,0,stable,losing,zheng,move,move,shangcai,,295
control_opus_20260510_184414_c19f,control,8,20,mid,1,0,stable,losing,yewang,hold,hold,,,722
control_opus_20260510_184414_c19f,control,9,20,mid,1,0,stable,losing,zheng,move,move,luoyang,,780
control_opus_20260510_184414_c19f,control,10,20,mid,0,-1,losing,losing,shangdang,hold,hold,,,397
control_opus_20260511_001142_57fe,control,1,20,early,2,0,stable,stable,shangdang,hold,hold,,,239
control_opus_20260511_001142_57fe,control,1,20,early,2,0,stable,stable,zheng,move,move,luoyang,,323
control_opus_20260511_001142_57fe,control,2,20,early,2,0,stable,stable,shangdang,move,move,zheng,,259
control_opus_20260511_001142_57fe,control,2,20,early,2,0,stable,stable,zheng,move,move,shangcai,,266
control_opus_20260511_001142_57fe,control,3,20,early,1,-1,losing,losing,shangdang,hold,hold,,,269
control_opus_20260511_001142_57fe,control,3,20,early,1,-1,losing,losing,zheng,move,move,shangcai,,655
control_opus_20260511_001142_57fe,control,4,20,early,1,0,stable,losing,luoyang,hold,hold,,,809
control_opus_20260511_001142_57fe,control,5,20,early,1,0,stable,losing,luoyang,hold,hold,,,714
control_opus_20260511_001142_57fe,control,6,20,early,1,0,stable,losing,luoyang,hold,hold,,,528
control_opus_20260511_001142_57fe,control,7,20,mid,1,0,stable,losing,luoyang,hold,hold,,,821
control_opus_20260511_001142_57fe,control,8,20,mid,0,-1,losing,losing,luoyang,hold,hold,,,763
random_oracle_opus_20260329_124241_7b69,yarrow,1,20,early,2,0,stable,stable,shangdang,hold,hold,,,424
random_oracle_opus_20260329_124241_7b69,yarrow,1,20,early,2,0,stable,stable,zheng,move,move,luoyang,,550
random_oracle_opus_20260329_124241_7b69,yarrow,2,20,early,1,-1,losing,losing,shangdang,move,move,zhongtiao,,51
random_oracle_opus_20260329_124241_7b69,yarrow,2,20,early,1,-1,losing,losing,zheng,move,move,luoyang,,60
random_oracle_opus_20260329_124241_7b69,yarrow,3,20,early,1,0,stable,losing,zheng,move,move,luoyang,,263
random_oracle_opus_20260329_124241_7b69,yarrow,4,20,early,1,0,stable,losing,zheng,support,other_support,luoyang,qin,138
random_oracle_opus_20260329_124241_7b69,yarrow,5,20,early,1,0,stable,losing,zheng,move,move,luoyang,,330
random_oracle_opus_20260329_124241_7b69,yarrow,6,20,early,2,1,gaining,stable,zheng,move,move,yewang,,402
random_oracle_opus_20260329_124241_7b69,yarrow,7,20,mid,2,0,stable,stable,zheng,move,move,luoyang,,150
random_oracle_opus_20260329_124241_7b69,yarrow,7,20,mid,2,0,stable,stable,yewang,hold,hold,,,107
random_oracle_opus_20260329_124241_7b69,yarrow,8,20,mid,3,1,gaining,stable,shangcai,support,self_support,zheng,Han,156
random_oracle_opus_20260329_124241_7b69,yarrow,8,20,mid,3,1,gaining,stable,yewang,move,move,zheng,,194
random_oracle_opus_20260329_124241_7b69,yarrow,9,20,mid,3,0,stable,stable,zheng,move,move,luoyang,,329
random_oracle_opus_20260329_124241_7b69,yarrow,9,20,mid,3,0,stable,stable,yewang,hold,hold,,,229
random_oracle_opus_20260329_124241_7b69,yarrow,9,20,mid,3,0,stable,stable,shangcai,hold,hold,,,260
random_oracle_opus_20260329_124241_7b69,yarrow,10,20,mid,3,0,stable,stable,zheng,move,move,luoyang,,230
random_oracle_opus_20260329_124241_7b69,yarrow,10,20,mid,3,0,stable,stable,henei,hold,hold,,,262
random_oracle_opus_20260329_124241_7b69,yarrow,10,20,mid,3,0,stable,stable,shangcai,hold,hold,,,247
random_oracle_opus_20260329_124241_7b69,yarrow,11,20,mid,3,0,stable,stable,zheng,move,move,luoyang,,161
random_oracle_opus_20260329_124241_7b69,yarrow,11,20,mid,3,0,stable,stable,henei,hold,hold,,,173
random_oracle_opus_20260329_124241_7b69,yarrow,11,20,mid,3,0,stable,stable,shangcai,hold,hold,,,145
random_oracle_opus_20260329_124241_7b69,yarrow,12,20,mid,2,-1,losing,stable,shangdang,move,move,zheng,,91
random_oracle_opus_20260329_124241_7b69,yarrow,12,20,mid,2,-1,losing,stable,shangcai,support,self_support,zheng,han,58
random_oracle_opus_20260329_124241_7b69,yarrow,12,20,mid,2,-1,losing,stable,henei,hold,hold,,,54
random_oracle_opus_20260329_124241_7b69,yarrow,13,20,mid,2,0,stable,stable,henei,move,move,daliang,,165
random_oracle_opus_20260329_124241_7b69,yarrow,13,20,mid,2,0,stable,stable,shangcai,hold,hold,,,103
random_oracle_opus_20260329_124241_7b69,yarrow,14,20,late,2,0,stable,stable,henei,move,move,yellow_river_north,,143
random_oracle_opus_20260329_124241_7b69,yarrow,14,20,late,2,0,stable,stable,shangcai,hold,hold,,,156
random_oracle_opus_20260329_124241_7b69,yarrow,15,20,late,1,-1,losing,losing,shangcai,hold,hold,,,361
random_oracle_opus_20260329_124241_7b69,yarrow,15,20,late,1,-1,losing,losing,yellow_river_north,hold,hold,,,430
random_oracle_opus_20260329_124241_7b69,yarrow,16,20,late,1,0,stable,losing,shangcai,support,other_support,zheng,chu,170
random_oracle_opus_20260329_124241_7b69,yarrow,17,20,late,1,0,stable,losing,shangcai,move,move,zheng,,353
random_oracle_opus_20260329_124241_7b69,yarrow,18,20,late,1,0,stable,losing,zheng,move,move,luoyang,,764
random_oracle_opus_20260329_124241_7b69,yarrow,19,20,late,1,0,stable,losing,zheng,move,move,luoyang,,197
random_oracle_opus_20260329_124241_7b69,yarrow,20,20,late,1,0,stable,losing,zheng,move,move,luoyang,,252
random_oracle_opus_20260329_165843_fdb1,yarrow,1,20,early,2,0,stable,stable,shangdang,hold,hold,,,148
random_oracle_opus_20260329_165843_fdb1,yarrow,1,20,early,2,0,stable,stable,zheng,move,move,luoyang,,173
random_oracle_opus_20260329_165843_fdb1,yarrow,2,20,early,2,0,stable,stable,shangdang,hold,hold,,,149
random_oracle_opus_20260329_165843_fdb1,yarrow,2,20,early,2,0,stable,stable,zheng,move,move,luoyang,,243
random_oracle_opus_20260329_165843_fdb1,yarrow,3,20,early,1,-1,losing,losing,yewang,move,move,zheng,,192
random_oracle_opus_20260329_165843_fdb1,yarrow,3,20,early,1,-1,losing,losing,shangdang,support,self_support,zheng,han,203
random_oracle_opus_20260329_165843_fdb1,yarrow,4,20,early,1,0,stable,losing,yewang,hold,hold,,,217
random_oracle_opus_20260329_165843_fdb1,yarrow,5,20,early,0,-1,losing,losing,yewang,hold,hold,,,236
random_oracle_opus_20260403_125734_f6d2,yarrow,1,20,early,2,0,stable,stable,shangdang,move,move,taihang,,162
random_oracle_opus_20260403_125734_f6d2,yarrow,1,20,early,2,0,stable,stable,zheng,move,move,luoyang,,235
random_oracle_opus_20260403_125734_f6d2,yarrow,2,20,early,2,0,stable,stable,shangdang,hold,hold,,,673
random_oracle_opus_20260403_125734_f6d2,yarrow,2,20,early,2,0,stable,stable,zheng,move,move,luoyang,,681
random_oracle_opus_20260403_125734_f6d2,yarrow,3,20,early,1,-1,losing,losing,shangdang,hold,hold,,,235
random_oracle_opus_20260403_125734_f6d2,yarrow,3,20,early,1,-1,losing,losing,zheng,move,move,luoyang,,248
random_oracle_opus_20260403_125734_f6d2,yarrow,4,20,early,1,0,stable,losing,zheng,move,move,shangcai,,412
random_oracle_opus_20260403_125734_f6d2,yarrow,5,20,early,1,0,stable,losing,zheng,hold,hold,,,221
random_oracle_opus_20260403_125734_f6d2,yarrow,6,20,early,1,0,stable,losing,zheng,move,move,luoyang,,472
random_oracle_opus_20260403_125734_f6d2,yarrow,7,20,mid,1,0,stable,losing,zheng,move,move,luoyang,,713
random_oracle_opus_20260403_125734_f6d2,yarrow,8,20,mid,0,-1,losing,losing,zheng,move,move,luoyang,,920
random_oracle_opus_20260403_125737_c9b7,yarrow,1,20,early,2,0,stable,stable,shangdang,hold,hold,,,197
random_oracle_opus_20260403_125737_c9b7,yarrow,1,20,early,2,0,stable,stable,zheng,move,move,luoyang,,242
random_oracle_opus_20260403_125737_c9b7,yarrow,2,20,early,1,-1,losing,losing,shangdang,hold,hold,,,145
random_oracle_opus_20260403_125737_c9b7,yarrow,2,20,early,1,-1,losing,losing,zheng,move,move,luoyang,,276
random_oracle_opus_20260403_125737_c9b7,yarrow,3,20,early,1,0,stable,losing,shangdang,hold,hold,,,195
random_oracle_opus_20260403_125737_c9b7,yarrow,4,20,early,0,-1,losing,losing,shangdang,hold,hold,,,964
random_oracle_opus_20260404_101008_0154,yarrow,1,20,early,3,1,gaining,stable,shangdang,hold,hold,,,464
random_oracle_opus_20260404_101008_0154,yarrow,1,20,early,3,1,gaining,stable,zheng,move,move,shangcai,,590
random_oracle_opus_20260404_101008_0154,yarrow,2,20,early,2,-1,losing,stable,zheng,hold,hold,,,408
random_oracle_opus_20260404_101008_0154,yarrow,2,20,early,2,-1,losing,stable,shangcai,support,self_support,zheng,han,388
random_oracle_opus_20260404_101008_0154,yarrow,2,20,early,2,-1,losing,stable,shangdang,move,move,zhongtiao,,431
random_oracle_opus_20260404_101008_0154,yarrow,3,20,early,2,0,stable,stable,shangcai,support,self_support,zheng,han,546
random_oracle_opus_20260404_101008_0154,yarrow,3,20,early,2,0,stable,stable,zheng,hold,hold,,,544
random_oracle_opus_20260404_101008_0154,yarrow,4,20,early,2,0,stable,stable,zheng,hold,hold,,,473
random_oracle_opus_20260404_101008_0154,yarrow,4,20,early,2,0,stable,stable,shangcai,support,self_support,zheng,han,550
random_oracle_opus_20260404_101008_0154,yarrow,5,20,early,2,0,stable,stable,shangcai,hold,hold,,,492
random_oracle_opus_20260404_101008_0154,yarrow,5,20,early,2,0,stable,stable,zheng,support,self_support,shangcai,han,542
random_oracle_opus_20260404_101008_0154,yarrow,6,20,early,2,0,stable,stable,zheng,move,move,luoyang,,823
random_oracle_opus_20260404_101008_0154,yarrow,6,20,early,2,0,stable,stable,shangcai,move,move,jianghan_plain,,608
random_oracle_opus_20260404_101008_0154,yarrow,7,20,mid,1,-1,losing,losing,luoyang,hold,hold,,,153
random_oracle_opus_20260404_101008_0154,yarrow,7,20,mid,1,-1,losing,losing,jianghan_plain,move,move,chenggao,,211
random_oracle_opus_20260404_101008_0154,yarrow,8,20,mid,0,-1,losing,losing,chenggao,hold,hold,,,824
random_oracle_opus_20260404_101008_ea16,yarrow,1,20,early,3,1,gaining,stable,shangdang,hold,hold,,,725
random_oracle_opus_20260404_101008_ea16,yarrow,1,20,early,3,1,gaining,stable,zheng,move,move,shangcai,,613
random_oracle_opus_20260404_101008_ea16,yarrow,2,20,early,3,0,stable,stable,zheng,hold,hold,,,163
random_oracle_opus_20260404_101008_ea16,yarrow,2,20,early,3,0,stable,stable,shangdang,support,self_support,zheng,han,180
random_oracle_opus_20260404_101008_ea16,yarrow,2,20,early,3,0,stable,stable,shangcai,move,move,huai_river,,237
random_oracle_opus_20260404_101008_ea16,yarrow,3,20,early,3,0,stable,stable,zheng,hold,hold,,,248
random_oracle_opus_20260404_101008_ea16,yarrow,3,20,early,3,0,stable,stable,shangdang,support,self_support,zheng,han,171
random_oracle_opus_20260404_101008_ea16,yarrow,3,20,early,3,0,stable,stable,huai_river,hold,hold,,,156
random_oracle_opus_20260404_101008_ea16,yarrow,4,20,early,3,0,stable,stable,huai_river,move,move,chenliu,,494
random_oracle_opus_20260404_101008_ea16,yarrow,4,20,early,3,0,stable,stable,zheng,move,move,yewang,,368
random_oracle_opus_20260404_101008_ea16,yarrow,4,20,early,3,0,stable,stable,shangdang,hold,hold,,,455
random_oracle_opus_20260404_101008_ea16,yarrow,5,20,early,3,0,stable,stable,chenliu,hold,hold,,,237
random_oracle_opus_20260404_101008_ea16,yarrow,5,20,early,3,0,stable,stable,luoyang,support,other_support,nanyang,chu,268
random_oracle_opus_20260404_101008_ea16,yarrow,5,20,early,3,0,stable,stable,shangdang,move,move,zheng,,295
random_oracle_opus_20260404_101008_ea16,yarrow,6,20,early,2,-1,losing,stable,luoyang,move,move,central_plain,,160
random_oracle_opus_20260404_101008_ea16,yarrow,6,20,early,2,-1,losing,stable,chenliu,hold,hold,,,107
random_oracle_opus_20260404_101008_ea16,yarrow,6,20,early,2,-1,losing,stable,shangdang,hold,hold,,,106
random_oracle_opus_20260404_101008_ea16,yarrow,7,20,mid,2,0,stable,stable,chenliu,hold,hold,,,477
random_oracle_opus_20260404_101008_ea16,yarrow,7,20,mid,2,0,stable,stable,shangdang,hold,hold,,,573
random_oracle_opus_20260404_101008_ea16,yarrow,8,20,mid,2,0,stable,stable,daliang,hold,hold,,,106
random_oracle_opus_20260404_101008_ea16,yarrow,8,20,mid,2,0,stable,stable,shangdang,hold,hold,,,109
random_oracle_opus_20260404_101008_ea16,yarrow,9,20,mid,2,0,stable,stable,daliang,hold,hold,,,455
random_oracle_opus_20260404_101008_ea16,yarrow,9,20,mid,2,0,stable,stable,shangdang,hold,hold,,,647
random_oracle_opus_20260404_101008_ea16,yarrow,10,20,mid,2,0,stable,stable,daliang,hold,hold,,,321
random_oracle_opus_20260404_101008_ea16,yarrow,10,20,mid,2,0,stable,stable,shangdang,support,other_support,taihang,zhao,555
random_oracle_opus_20260404_101008_ea16,yarrow,11,20,mid,2,0,stable,stable,daliang,hold,hold,,,134
random_oracle_opus_20260404_101008_ea16,yarrow,11,20,mid,2,0,stable,stable,shangdang,hold,hold,,,164
random_oracle_opus_20260404_101008_ea16,yarrow,12,20,mid,2,0,stable,stable,daliang,hold,hold,,,181
random_oracle_opus_20260404_101008_ea16,yarrow,12,20,mid,2,0,stable,stable,shangdang,hold,hold,,,224
random_oracle_opus_20260404_101008_ea16,yarrow,13,20,mid,1,-1,losing,losing,daliang,hold,hold,,,411
random_oracle_opus_20260404_101008_ea16,yarrow,13,20,mid,1,-1,losing,losing,shangdang,hold,hold,,,522
random_oracle_opus_20260404_101008_ea16,yarrow,14,20,late,1,0,stable,losing,taihang,support,other_support,shangdang,wei,151
random_oracle_opus_20260404_101008_ea16,yarrow,15,20,late,1,0,stable,losing,taihang,support,other_support,shangdang,wei,227
random_oracle_opus_20260404_101008_ea16,yarrow,16,20,late,2,1,gaining,stable,taihang,move,move,yewang,,315
random_oracle_opus_20260404_101008_ea16,yarrow,17,20,late,2,0,stable,stable,henei,hold,hold,,,119
random_oracle_opus_20260404_101008_ea16,yarrow,17,20,late,2,0,stable,stable,yewang,support,self_support,henei,han,102
random_oracle_opus_20260404_101008_ea16,yarrow,18,20,late,2,0,stable,stable,henei,hold,hold,,,165
random_oracle_opus_20260404_101008_ea16,yarrow,18,20,late,2,0,stable,stable,yewang,support,other_support,zheng,qin,168
random_oracle_opus_20260404_101008_ea16,yarrow,19,20,late,2,0,stable,stable,henei,support,self_support,yewang,han,260
random_oracle_opus_20260404_101008_ea16,yarrow,19,20,late,2,0,stable,stable,yewang,hold,hold,,,186
random_oracle_opus_20260404_101008_ea16,yarrow,20,20,late,2,0,stable,stable,henei,hold,hold,,,211
random_oracle_opus_20260404_101008_ea16,yarrow,20,20,late,2,0,stable,stable,yewang,support,self_support,henei,han,242
random_oracle_opus_20260427_182540_65a1,yarrow,1,20,early,2,0,stable,stable,shangdang,hold,hold,,,614
random_oracle_opus_20260427_182540_65a1,yarrow,1,20,early,2,0,stable,stable,zheng,move,move,yewang,,1126
random_oracle_opus_20260427_182540_65a1,yarrow,2,20,early,2,0,stable,stable,shangdang,hold,hold,,,555
random_oracle_opus_20260427_182540_65a1,yarrow,2,20,early,2,0,stable,stable,zheng,hold,hold,,,820
random_oracle_opus_20260427_182540_65a1,yarrow,3,20,early,2,0,stable,stable,shangdang,hold,hold,,,374
random_oracle_opus_20260427_182540_65a1,yarrow,3,20,early,2,0,stable,stable,zheng,move,move,shangcai,,1011
random_oracle_opus_20260427_182540_65a1,yarrow,4,20,early,2,0,stable,stable,shangdang,support,self_support,zheng,han,460
random_oracle_opus_20260427_182540_65a1,yarrow,4,20,early,2,0,stable,stable,zheng,hold,hold,,,601
random_oracle_opus_20260427_182540_65a1,yarrow,5,20,early,1,-1,losing,losing,zheng,hold,hold,,,224
random_oracle_opus_20260427_182540_65a1,yarrow,5,20,early,1,-1,losing,losing,shangdang,support,self_support,zheng,han,438
random_oracle_opus_20260427_182540_65a1,yarrow,6,20,early,1,0,stable,losing,shangdang,hold,hold,,,904
random_oracle_opus_20260427_182540_65a1,yarrow,7,20,mid,1,0,stable,losing,shangdang,hold,hold,,,1072
random_oracle_opus_20260427_182540_65a1,yarrow,8,20,mid,1,0,stable,losing,shangdang,hold,hold,,,1172
random_oracle_opus_20260427_182540_65a1,yarrow,9,20,mid,1,0,stable,losing,shangdang,hold,hold,,,1172
random_oracle_opus_20260427_182540_65a1,yarrow,10,20,mid,1,0,stable,losing,shangdang,hold,hold,,,1312
random_oracle_opus_20260427_182540_65a1,yarrow,11,20,mid,1,0,stable,losing,shangdang,hold,hold,,,1229
random_oracle_opus_20260427_182540_65a1,yarrow,12,20,mid,1,0,stable,losing,shangdang,support,other_support,taihang_north,zhao,1167
random_oracle_opus_20260427_182540_65a1,yarrow,13,20,mid,1,0,stable,losing,shangdang,move,move,zheng,,926
random_oracle_opus_20260427_182540_65a1,yarrow,14,20,late,1,0,stable,losing,shangdang,hold,hold,,,1329
random_oracle_opus_20260427_182540_65a1,yarrow,15,20,late,1,0,stable,losing,shangdang,support,other_support,zheng,wei,1023
random_oracle_opus_20260427_182540_65a1,yarrow,16,20,late,1,0,stable,losing,shangdang,hold,hold,,,763
random_oracle_opus_20260427_182540_65a1,yarrow,17,20,late,1,0,stable,losing,shangdang,hold,hold,,,1114
random_oracle_opus_20260427_182540_65a1,yarrow,18,20,late,1,0,stable,losing,shangdang,hold,hold,,,1308
random_oracle_opus_20260427_182540_65a1,yarrow,19,20,late,1,0,stable,losing,shangdang,hold,hold,,,95
random_oracle_opus_20260427_182540_65a1,yarrow,20,20,late,1,0,stable,losing,shangdang,hold,hold,,,464
random_oracle_opus_20260503_174137_3c96,yarrow,1,20,early,2,0,stable,stable,shangdang,hold,hold,,,90
random_oracle_opus_20260503_174137_3c96,yarrow,1,20,early,2,0,stable,stable,zheng,move,move,luoyang,,82
random_oracle_opus_20260503_174137_3c96,yarrow,2,20,early,2,0,stable,stable,shangdang,hold,hold,,,566
random_oracle_opus_20260503_174137_3c96,yarrow,2,20,early,2,0,stable,stable,zheng,move,move,shangcai,,837
random_oracle_opus_20260503_174137_3c96,yarrow,3,20,early,2,0,stable,stable,shangdang,move,move,zhongtiao,,238
random_oracle_opus_20260503_174137_3c96,yarrow,3,20,early,2,0,stable,stable,zheng,move,move,shangcai,,148
random_oracle_opus_20260503_174137_3c96,yarrow,4,20,early,2,0,stable,stable,zheng,move,move,shangcai,,716
random_oracle_opus_20260503_174137_3c96,yarrow,4,20,early,2,0,stable,stable,zhongtiao,hold,hold,,,684
random_oracle_opus_20260503_174137_3c96,yarrow,5,20,early,1,-1,losing,losing,zhongtiao,support,self_support,yewang,han,298
random_oracle_opus_20260503_174137_3c96,yarrow,5,20,early,1,-1,losing,losing,yewang,hold,hold,,,209
random_oracle_opus_20260503_174137_3c96,yarrow,6,20,early,0,-1,losing,losing,zhongtiao,move,move,hangu_pass,,217
random_oracle_opus_20260504_113552_3506,yarrow,1,20,early,2,0,stable,stable,shangdang,hold,hold,,,189
random_oracle_opus_20260504_113552_3506,yarrow,1,20,early,2,0,stable,stable,zheng,move,move,luoyang,,222
random_oracle_opus_20260504_113552_3506,yarrow,2,20,early,2,0,stable,stable,shangdang,hold,hold,,,604
random_oracle_opus_20260504_113552_3506,yarrow,2,20,early,2,0,stable,stable,zheng,move,move,shangcai,,946
random_oracle_opus_20260504_113552_3506,yarrow,3,20,early,2,0,stable,stable,shangdang,hold,hold,,,255
random_oracle_opus_20260504_113552_3506,yarrow,3,20,early,2,0,stable,stable,zheng,move,move,luoyang,,513
random_oracle_opus_20260504_113552_3506,yarrow,4,20,early,2,0,stable,stable,shangdang,hold,hold,,,187
random_oracle_opus_20260504_113552_3506,yarrow,4,20,early,2,0,stable,stable,zheng,move,move,shangcai,,221
random_oracle_opus_20260504_113552_3506,yarrow,5,20,early,2,0,stable,stable,shangdang,hold,hold,,,135
random_oracle_opus_20260504_113552_3506,yarrow,5,20,early,2,0,stable,stable,zheng,move,move,luoyang,,236
random_oracle_opus_20260504_113552_3506,yarrow,6,20,early,2,0,stable,stable,shangdang,hold,hold,,,310
random_oracle_opus_20260504_113552_3506,yarrow,6,20,early,2,0,stable,stable,zheng,move,move,luoyang,,513
random_oracle_opus_20260504_113552_3506,yarrow,7,20,mid,2,0,stable,stable,shangdang,hold,hold,,,272
random_oracle_opus_20260504_113552_3506,yarrow,7,20,mid,2,0,stable,stable,zheng,move,move,luoyang,,291
random_oracle_opus_20260504_113552_3506,yarrow,8,20,mid,2,0,stable,stable,shangdang,hold,hold,,,153
random_oracle_opus_20260504_113552_3506,yarrow,8,20,mid,2,0,stable,stable,zheng,move,move,luoyang,,192
random_oracle_opus_20260504_113552_3506,yarrow,9,20,mid,2,0,stable,stable,shangdang,hold,hold,,,185
random_oracle_opus_20260504_113552_3506,yarrow,9,20,mid,2,0,stable,stable,zheng,move,move,luoyang,,431
random_oracle_opus_20260504_113552_3506,yarrow,10,20,mid,2,0,stable,stable,shangdang,hold,hold,,,358
random_oracle_opus_20260504_113552_3506,yarrow,10,20,mid,2,0,stable,stable,zheng,move,move,shangcai,,561
random_oracle_opus_20260504_113552_3506,yarrow,11,20,mid,2,0,stable,stable,shangdang,hold,hold,,,558
random_oracle_opus_20260504_113552_3506,yarrow,11,20,mid,2,0,stable,stable,zheng,move,move,luoyang,,425
random_oracle_opus_20260504_113552_3506,yarrow,12,20,mid,1,-1,losing,losing,shangdang,hold,hold,,,532
random_oracle_opus_20260504_113552_3506,yarrow,12,20,mid,1,-1,losing,losing,zheng,move,move,luoyang,,933
random_oracle_opus_20260504_113552_3506,yarrow,13,20,mid,1,0,stable,losing,shangdang,hold,hold,,,983
random_oracle_opus_20260504_113552_3506,yarrow,14,20,late,1,0,stable,losing,shangdang,hold,hold,,,1136
random_oracle_opus_20260504_113552_3506,yarrow,15,20,late,1,0,stable,losing,shangdang,hold,hold,,,1415
random_oracle_opus_20260504_113552_3506,yarrow,16,20,late,1,0,stable,losing,shangdang,hold,hold,,,841
random_oracle_opus_20260504_113552_3506,yarrow,17,20,late,1,0,stable,losing,shangdang,support,other_support,zheng,wei,545
random_oracle_opus_20260504_113552_3506,yarrow,18,20,late,1,0,stable,losing,shangdang,hold,hold,,,988
random_oracle_opus_20260504_113552_3506,yarrow,19,20,late,1,0,stable,losing,shangdang,hold,hold,,,636
random_oracle_opus_20260504_113552_3506,yarrow,20,20,late,1,0,stable,losing,shangdang,hold,hold,,,1029
random_oracle_opus_20260504_202055_1bd9,yarrow,1,20,early,2,0,stable,stable,shangdang,hold,hold,,,321
random_oracle_opus_20260504_202055_1bd9,yarrow,1,20,early,2,0,stable,stable,zheng,move,move,luoyang,,669
random_oracle_opus_20260504_202055_1bd9,yarrow,2,20,early,2,0,stable,stable,shangdang,hold,hold,,,255
random_oracle_opus_20260504_202055_1bd9,yarrow,2,20,early,2,0,stable,stable,zheng,move,move,luoyang,,381
random_oracle_opus_20260504_202055_1bd9,yarrow,3,20,early,2,0,stable,stable,shangdang,hold,hold,,,670
random_oracle_opus_20260504_202055_1bd9,yarrow,3,20,early,2,0,stable,stable,zheng,move,move,luoyang,,814
random_oracle_opus_20260504_202055_1bd9,yarrow,4,20,early,2,0,stable,stable,shangdang,hold,hold,,,315
random_oracle_opus_20260504_202055_1bd9,yarrow,4,20,early,2,0,stable,stable,yewang,hold,hold,,,624
random_oracle_opus_20260504_202055_1bd9,yarrow,5,20,early,2,0,stable,stable,shangdang,support,self_support,zheng,han,266
random_oracle_opus_20260504_202055_1bd9,yarrow,5,20,early,2,0,stable,stable,yewang,move,move,zheng,,367
random_oracle_opus_20260504_202055_1bd9,yarrow,6,20,early,2,0,stable,stable,shangdang,hold,hold,,,641
random_oracle_opus_20260504_202055_1bd9,yarrow,6,20,early,2,0,stable,stable,zheng,move,move,luoyang,,1129
random_oracle_opus_20260504_202055_1bd9,yarrow,7,20,mid,2,0,stable,stable,shangcai,hold,hold,,,440
random_oracle_opus_20260504_202055_1bd9,yarrow,7,20,mid,2,0,stable,stable,shangdang,hold,hold,,,579
random_oracle_opus_20260504_202055_1bd9,yarrow,8,20,mid,1,-1,losing,losing,shangcai,move,move,zheng,,276
random_oracle_opus_20260504_202055_1bd9,yarrow,8,20,mid,1,-1,losing,losing,shangdang,support,self_support,zheng,han,314
random_oracle_opus_20260504_202055_1bd9,yarrow,9,20,mid,1,0,stable,losing,shangdang,hold,hold,,,1170
random_oracle_opus_20260504_202055_1bd9,yarrow,10,20,mid,1,0,stable,losing,shangdang,hold,hold,,,1326
random_oracle_opus_20260504_202055_1bd9,yarrow,11,20,mid,1,0,stable,losing,shangdang,hold,hold,,,1221
random_oracle_opus_20260504_202055_1bd9,yarrow,12,20,mid,1,0,stable,losing,shangdang,hold,hold,,,941
random_oracle_opus_20260504_202055_1bd9,yarrow,13,20,mid,1,0,stable,losing,shangdang,hold,hold,,,1203
random_oracle_opus_20260504_202055_1bd9,yarrow,14,20,late,1,0,stable,losing,shangdang,hold,hold,,,807
random_oracle_opus_20260504_202055_1bd9,yarrow,15,20,late,1,0,stable,losing,shangdang,support,other_support,zheng,qin,370
random_oracle_opus_20260504_202055_1bd9,yarrow,16,20,late,1,0,stable,losing,shangdang,hold,hold,,,1096
random_oracle_opus_20260504_202055_1bd9,yarrow,17,20,late,1,0,stable,losing,shangdang,hold,hold,,,1161
random_oracle_opus_20260504_202055_1bd9,yarrow,18,20,late,1,0,stable,losing,shangdang,hold,hold,,,1187
random_oracle_opus_20260504_202055_1bd9,yarrow,19,20,late,1,0,stable,losing,shangdang,move,move,zheng,,1093
random_oracle_opus_20260504_202055_1bd9,yarrow,20,20,late,1,0,stable,losing,shangdang,hold,hold,,,921
tarot_opus_20260410_143545_2eba,tarot,1,13,early,3,1,gaining,stable,shangdang,hold,hold,,,188
tarot_opus_20260410_143545_2eba,tarot,1,13,early,3,1,gaining,stable,zheng,move,move,shangcai,,183
tarot_opus_20260410_143545_2eba,tarot,2,13,early,1,-2,crisis,losing,shangdang,move,move,zhongtiao,,615
tarot_opus_20260410_143545_2eba,tarot,2,13,early,1,-2,crisis,losing,zheng,hold,hold,,,341
tarot_opus_20260410_143545_2eba,tarot,2,13,early,1,-2,crisis,losing,shangcai,support,self_support,zheng,han,426
tarot_opus_20260410_143545_2eba,tarot,3,13,early,1,0,stable,losing,zheng,move,move,yewang,,782
tarot_opus_20260410_143545_2eba,tarot,3,13,early,1,0,stable,losing,zhongtiao,support,self_support,yewang,han,382
tarot_opus_20260410_143545_2eba,tarot,4,13,early,1,0,stable,losing,zheng,move,move,shangcai,,575
tarot_opus_20260410_143545_2eba,tarot,5,13,mid,1,0,stable,losing,zheng,hold,hold,,,675
tarot_opus_20260410_143545_2eba,tarot,6,13,mid,1,0,stable,losing,zheng,move,move,shangcai,,779
tarot_opus_20260410_143545_2eba,tarot,7,13,mid,2,1,gaining,stable,zheng,move,move,shangcai,,425
tarot_opus_20260410_143545_2eba,tarot,8,13,mid,2,0,stable,stable,shangcai,support,self_support,zheng,han,480
tarot_opus_20260410_143545_2eba,tarot,8,13,mid,2,0,stable,stable,zheng,hold,hold,,,412
tarot_opus_20260410_143545_2eba,tarot,9,13,late,3,1,gaining,stable,shangcai,hold,hold,,,618
tarot_opus_20260410_143545_2eba,tarot,9,13,late,3,1,gaining,stable,zheng,move,move,yewang,,517
tarot_opus_20260410_143545_2eba,tarot,10,13,late,2,-1,losing,stable,shangcai,support,self_support,zheng,han,482
tarot_opus_20260410_143545_2eba,tarot,10,13,late,2,-1,losing,stable,yewang,move,move,henei,,406
tarot_opus_20260410_143545_2eba,tarot,10,13,late,2,-1,losing,stable,zheng,hold,hold,,,355
tarot_opus_20260410_143545_2eba,tarot,11,13,late,2,0,stable,stable,zheng,hold,hold,,,609
tarot_opus_20260410_143545_2eba,tarot,11,13,late,2,0,stable,stable,shangcai,move,move,wuguan_pass,,566
tarot_opus_20260410_143545_2eba,tarot,12,13,late,2,0,stable,stable,wuguan_pass,support,self_support,zheng,han,601
tarot_opus_20260410_143545_2eba,tarot,12,13,late,2,0,stable,stable,zheng,hold,hold,,,402
tarot_opus_20260410_143545_2eba,tarot,13,13,late,2,0,stable,stable,wuguan_pass,support,self_support,zheng,han,245
tarot_opus_20260410_143545_2eba,tarot,13,13,late,2,0,stable,stable,zheng,hold,hold,,,354
tarot_opus_20260410_195001_0fa6,tarot,1,20,early,2,0,stable,stable,shangdang,hold,hold,,,239
tarot_opus_20260410_195001_0fa6,tarot,1,20,early,2,0,stable,stable,zheng,move,move,luoyang,,322
tarot_opus_20260410_195001_0fa6,tarot,2,20,early,1,-1,losing,losing,shangdang,hold,hold,,,755
tarot_opus_20260410_195001_0fa6,tarot,2,20,early,1,-1,losing,losing,zheng,move,move,luoyang,,600
tarot_opus_20260410_195001_0fa6,tarot,3,20,early,1,0,stable,losing,zheng,move,move,luoyang,,476
tarot_opus_20260410_195001_0fa6,tarot,4,20,early,1,0,stable,losing,zheng,move,move,luoyang,,825
tarot_opus_20260410_195001_0fa6,tarot,5,20,early,1,0,stable,losing,zheng,support,other_support,luoyang,wei,322
tarot_opus_20260410_195001_0fa6,tarot,6,20,early,1,0,stable,losing,zheng,hold,hold,,,392
tarot_opus_20260410_195001_0fa6,tarot,7,20,mid,1,0,stable,losing,shangcai,hold,hold,,,1027
tarot_opus_20260410_195001_0fa6,tarot,8,20,mid,1,0,stable,losing,shangcai,hold,hold,,,450
tarot_opus_20260410_195001_0fa6,tarot,9,20,mid,1,0,stable,losing,shangcai,move,move,zheng,,414
tarot_opus_20260410_195001_0fa6,tarot,10,20,mid,1,0,stable,losing,shangcai,hold,hold,,,1184
tarot_opus_20260410_195001_0fa6,tarot,11,20,mid,1,0,stable,losing,shangcai,hold,hold,,,388
tarot_opus_20260410_195001_0fa6,tarot,12,20,mid,1,0,stable,losing,shangcai,hold,hold,,,1007
tarot_opus_20260410_195001_0fa6,tarot,13,20,mid,1,0,stable,losing,shangcai,support,other_support,zheng,zhao,369
tarot_opus_20260410_195001_0fa6,tarot,14,20,late,1,0,stable,losing,shangcai,hold,hold,,,1030
tarot_opus_20260410_195001_0fa6,tarot,15,20,late,1,0,stable,losing,shangcai,hold,hold,,,395
tarot_opus_20260410_195001_0fa6,tarot,16,20,late,1,0,stable,losing,shangcai,hold,hold,,,1234
tarot_opus_20260410_195001_0fa6,tarot,17,20,late,0,-1,losing,losing,shangcai,hold,hold,,,297
tarot_opus_20260411_113544_eacb,tarot,1,11,early,3,1,gaining,stable,shangdang,hold,hold,,,609
tarot_opus_20260411_113544_eacb,tarot,1,11,early,3,1,gaining,stable,zheng,move,move,shangcai,,513
tarot_opus_20260411_113544_eacb,tarot,2,11,early,2,-1,losing,stable,zheng,move,move,luoyang,,460
tarot_opus_20260411_113544_eacb,tarot,2,11,early,2,-1,losing,stable,shangdang,move,move,zhongtiao,,380
tarot_opus_20260411_113544_eacb,tarot,2,11,early,2,-1,losing,stable,shangcai,hold,hold,,,411
tarot_opus_20260411_113544_eacb,tarot,3,11,early,2,0,stable,stable,shangcai,hold,hold,,,180
tarot_opus_20260411_113544_eacb,tarot,3,11,early,2,0,stable,stable,zhongtiao,move,move,yewang,,349
tarot_opus_20260411_113544_eacb,tarot,4,11,mid,1,-1,losing,losing,yewang,move,move,zheng,,269
tarot_opus_20260411_113544_eacb,tarot,4,11,mid,1,-1,losing,losing,shangcai,support,self_support,zheng,Han,286
tarot_opus_20260411_113544_eacb,tarot,5,11,mid,1,0,stable,losing,zheng,hold,hold,,,197
tarot_opus_20260411_113544_eacb,tarot,6,11,mid,1,0,stable,losing,zheng,hold,hold,,,1411
tarot_opus_20260411_113544_eacb,tarot,7,11,mid,0,-1,losing,losing,luoyang,hold,hold,,,1356
tarot_opus_20260411_174138_b51a,tarot,1,20,early,3,1,gaining,stable,shangdang,hold,hold,,,912
tarot_opus_20260411_174138_b51a,tarot,1,20,early,3,1,gaining,stable,zheng,move,move,shangcai,,646
tarot_opus_20260411_174138_b51a,tarot,2,20,early,2,-1,losing,stable,zheng,move,move,luoyang,,922
tarot_opus_20260411_174138_b51a,tarot,2,20,early,2,-1,losing,stable,shangdang,hold,hold,,,490
tarot_opus_20260411_174138_b51a,tarot,2,20,early,2,-1,losing,stable,shangcai,hold,hold,,,506
tarot_opus_20260411_174138_b51a,tarot,3,20,early,2,0,stable,stable,zheng,move,move,luoyang,,323
tarot_opus_20260411_174138_b51a,tarot,3,20,early,2,0,stable,stable,shangcai,hold,hold,,,272
tarot_opus_20260411_174138_b51a,tarot,4,20,early,2,0,stable,stable,zheng,move,move,luoyang,,854
tarot_opus_20260411_174138_b51a,tarot,4,20,early,2,0,stable,stable,shangcai,hold,hold,,,412
tarot_opus_20260411_174138_b51a,tarot,5,20,early,1,-1,losing,losing,yewang,move,move,zheng,,463
tarot_opus_20260411_174138_b51a,tarot,5,20,early,1,-1,losing,losing,shangcai,support,self_support,zheng,han,388
tarot_opus_20260411_174138_b51a,tarot,6,20,early,1,0,stable,losing,shangcai,move,move,jianghan_plain,,943
tarot_opus_20260411_174138_b51a,tarot,7,20,mid,1,0,stable,losing,shangcai,hold,hold,,,1215
tarot_opus_20260411_174138_b51a,tarot,8,20,mid,1,0,stable,losing,shangcai,hold,hold,,,1162
tarot_opus_20260411_174138_b51a,tarot,9,20,mid,1,0,stable,losing,shangcai,hold,hold,,,260
tarot_opus_20260411_174138_b51a,tarot,10,20,mid,1,0,stable,losing,shangcai,hold,hold,,,1341
tarot_opus_20260411_174138_b51a,tarot,11,20,mid,1,0,stable,losing,shangcai,hold,hold,,,1190
tarot_opus_20260411_174138_b51a,tarot,12,20,mid,1,0,stable,losing,shangcai,hold,hold,,,348
tarot_opus_20260411_174138_b51a,tarot,13,20,mid,1,0,stable,losing,shangcai,hold,hold,,,1039
tarot_opus_20260411_174138_b51a,tarot,14,20,late,1,0,stable,losing,shangcai,hold,hold,shangcai,,237
tarot_opus_20260411_174138_b51a,tarot,15,20,late,1,0,stable,losing,shangcai,hold,hold,,,1084
tarot_opus_20260411_174138_b51a,tarot,16,20,late,0,-1,losing,losing,shangcai,hold,hold,,,807
tarot_opus_20260416_070448_ceea,tarot,1,20,early,3,1,gaining,stable,shangdang,hold,hold,,,277
tarot_opus_20260416_070448_ceea,tarot,1,20,early,3,1,gaining,stable,zheng,move,move,shangcai,,359
tarot_opus_20260416_070448_ceea,tarot,2,20,early,3,0,stable,stable,shangcai,hold,hold,,,211
tarot_opus_20260416_070448_ceea,tarot,2,20,early,3,0,stable,stable,shangdang,hold,hold,,,193
tarot_opus_20260416_070448_ceea,tarot,2,20,early,3,0,stable,stable,zheng,support,self_support,shangcai,han,301
tarot_opus_20260416_070448_ceea,tarot,3,20,early,3,0,stable,stable,zheng,hold,hold,,,202
tarot_opus_20260416_070448_ceea,tarot,3,20,early,3,0,stable,stable,shangdang,support,self_support,zheng,han,176
tarot_opus_20260416_070448_ceea,tarot,3,20,early,3,0,stable,stable,shangcai,hold,hold,,,227
tarot_opus_20260416_070448_ceea,tarot,4,20,early,2,-1,losing,stable,shangcai,hold,hold,,,135
tarot_opus_20260416_070448_ceea,tarot,4,20,early,2,-1,losing,stable,shangdang,hold,hold,,,99
tarot_opus_20260416_070448_ceea,tarot,4,20,early,2,-1,losing,stable,zheng,support,self_support,shangdang,han,136
tarot_opus_20260416_070448_ceea,tarot,5,20,early,2,0,stable,stable,shangdang,hold,hold,,,199
tarot_opus_20260416_070448_ceea,tarot,5,20,early,2,0,stable,stable,zheng,hold,hold,,,195
tarot_opus_20260416_070448_ceea,tarot,6,20,early,2,0,stable,stable,shangdang,hold,hold,,,195
tarot_opus_20260416_070448_ceea,tarot,6,20,early,2,0,stable,stable,zheng,hold,hold,,,235
tarot_opus_20260416_070448_ceea,tarot,7,20,mid,2,0,stable,stable,shangdang,hold,hold,,,222
tarot_opus_20260416_070448_ceea,tarot,7,20,mid,2,0,stable,stable,zheng,hold,hold,,,208
tarot_opus_20260416_070448_ceea,tarot,8,20,mid,2,0,stable,stable,shangdang,hold,hold,,,402
tarot_opus_20260416_070448_ceea,tarot,8,20,mid,2,0,stable,stable,zheng,hold,hold,,,384
tarot_opus_20260416_070448_ceea,tarot,9,20,mid,2,0,stable,stable,shangdang,hold,hold,,,191
tarot_opus_20260416_070448_ceea,tarot,9,20,mid,2,0,stable,stable,zheng,support,self_support,shangdang,han,331
tarot_opus_20260416_070448_ceea,tarot,10,20,mid,2,0,stable,stable,shangdang,hold,hold,,,178
tarot_opus_20260416_070448_ceea,tarot,10,20,mid,2,0,stable,stable,zheng,hold,hold,,,254
tarot_opus_20260416_070448_ceea,tarot,11,20,mid,2,0,stable,stable,shangdang,support,self_support,zheng,han,84
tarot_opus_20260416_070448_ceea,tarot,11,20,mid,2,0,stable,stable,zheng,hold,hold,,,110
tarot_opus_20260416_070448_ceea,tarot,12,20,mid,2,0,stable,stable,zheng,support,other_support,luoyang,qin,147
tarot_opus_20260416_070448_ceea,tarot,12,20,mid,2,0,stable,stable,shangdang,hold,hold,,,106
tarot_opus_20260416_070448_ceea,tarot,13,20,mid,2,0,stable,stable,shangdang,hold,hold,,,215
tarot_opus_20260416_070448_ceea,tarot,13,20,mid,2,0,stable,stable,zheng,hold,hold,,,275
tarot_opus_20260416_070448_ceea,tarot,14,20,late,2,0,stable,stable,shangdang,hold,hold,,,133
tarot_opus_20260416_070448_ceea,tarot,14,20,late,2,0,stable,stable,zheng,hold,hold,,,133
tarot_opus_20260416_070448_ceea,tarot,15,20,late,2,0,stable,stable,shangdang,support,self_support,zheng,han,175
tarot_opus_20260416_070448_ceea,tarot,15,20,late,2,0,stable,stable,zheng,hold,hold,,,211
tarot_opus_20260416_070448_ceea,tarot,16,20,late,2,0,stable,stable,shangdang,hold,hold,,,75
tarot_opus_20260416_070448_ceea,tarot,16,20,late,2,0,stable,stable,zheng,hold,hold,,,67
tarot_opus_20260416_070448_ceea,tarot,17,20,late,2,0,stable,stable,shangdang,hold,hold,,,87
tarot_opus_20260416_070448_ceea,tarot,17,20,late,2,0,stable,stable,zheng,hold,hold,,,95
tarot_opus_20260416_070448_ceea,tarot,18,20,late,2,0,stable,stable,shangdang,hold,hold,,,82
tarot_opus_20260416_070448_ceea,tarot,18,20,late,2,0,stable,stable,zheng,hold,hold,,,143
tarot_opus_20260416_070448_ceea,tarot,19,20,late,2,0,stable,stable,shangdang,hold,hold,,,117
tarot_opus_20260416_070448_ceea,tarot,19,20,late,2,0,stable,stable,zheng,hold,hold,,,122
tarot_opus_20260416_070448_ceea,tarot,20,20,late,2,0,stable,stable,shangdang,support,self_support,zheng,han,0
tarot_opus_20260416_070448_ceea,tarot,20,20,late,2,0,stable,stable,zheng,hold,hold,,,0
tarot_opus_20260416_084349_35a7,tarot,1,20,early,3,1,gaining,stable,shangdang,hold,hold,,,83
tarot_opus_20260416_084349_35a7,tarot,1,20,early,3,1,gaining,stable,zheng,move,move,shangcai,,249
tarot_opus_20260416_084349_35a7,tarot,2,20,early,3,0,stable,stable,shangcai,hold,hold,,,182
tarot_opus_20260416_084349_35a7,tarot,2,20,early,3,0,stable,stable,shangdang,hold,hold,,,129
tarot_opus_20260416_084349_35a7,tarot,2,20,early,3,0,stable,stable,zheng,support,self_support,shangcai,han,104
tarot_opus_20260416_084349_35a7,tarot,3,20,early,3,0,stable,stable,shangcai,hold,hold,,,114
tarot_opus_20260416_084349_35a7,tarot,3,20,early,3,0,stable,stable,shangdang,hold,hold,,,145
tarot_opus_20260416_084349_35a7,tarot,3,20,early,3,0,stable,stable,zheng,hold,hold,,,123
tarot_opus_20260416_084349_35a7,tarot,4,20,early,3,0,stable,stable,shangcai,hold,hold,,,129
tarot_opus_20260416_084349_35a7,tarot,4,20,early,3,0,stable,stable,shangdang,support,self_support,zheng,han,142
tarot_opus_20260416_084349_35a7,tarot,4,20,early,3,0,stable,stable,zheng,hold,hold,,,122
tarot_opus_20260416_084349_35a7,tarot,5,20,early,3,0,stable,stable,zheng,hold,hold,,,42
tarot_opus_20260416_084349_35a7,tarot,5,20,early,3,0,stable,stable,shangdang,hold,hold,,,48
tarot_opus_20260416_084349_35a7,tarot,5,20,early,3,0,stable,stable,shangcai,hold,hold,,,34
tarot_opus_20260416_084349_35a7,tarot,6,20,early,3,0,stable,stable,shangdang,move,move,yewang,,71
tarot_opus_20260416_084349_35a7,tarot,6,20,early,3,0,stable,stable,zheng,support,self_support,yewang,han,86
tarot_opus_20260416_084349_35a7,tarot,6,20,early,3,0,stable,stable,shangcai,hold,hold,,,67
tarot_opus_20260416_084349_35a7,tarot,7,20,mid,3,0,stable,stable,shangdang,hold,hold,,,86
tarot_opus_20260416_084349_35a7,tarot,7,20,mid,3,0,stable,stable,shangcai,support,self_support,zheng,han,99
tarot_opus_20260416_084349_35a7,tarot,7,20,mid,3,0,stable,stable,zheng,hold,hold,,,79
tarot_opus_20260416_084349_35a7,tarot,8,20,mid,3,0,stable,stable,zheng,support,other_support,luoyang,chu,68
tarot_opus_20260416_084349_35a7,tarot,8,20,mid,3,0,stable,stable,shangdang,hold,hold,,,80
tarot_opus_20260416_084349_35a7,tarot,8,20,mid,3,0,stable,stable,shangcai,move,move,huai_river,,99
tarot_opus_20260416_084349_35a7,tarot,9,20,mid,3,0,stable,stable,zheng,support,other_support,luoyang,chu,0
tarot_opus_20260416_084349_35a7,tarot,9,20,mid,3,0,stable,stable,shangdang,hold,hold,,,0
tarot_opus_20260416_084349_35a7,tarot,9,20,mid,3,0,stable,stable,huai_river,hold,hold,,,0
tarot_opus_20260416_084349_35a7,tarot,10,20,mid,4,1,gaining,stable,zheng,hold,hold,,,0
tarot_opus_20260416_084349_35a7,tarot,10,20,mid,4,1,gaining,stable,shangdang,support,self_support,zheng,han,0
tarot_opus_20260416_084349_35a7,tarot,10,20,mid,4,1,gaining,stable,huai_river,move,move,chenliu,,0
tarot_opus_20260416_084349_35a7,tarot,11,20,mid,3,-1,losing,stable,chenliu,move,move,daliang,,557
tarot_opus_20260416_084349_35a7,tarot,11,20,mid,3,-1,losing,stable,zheng,hold,hold,,,418
tarot_opus_20260416_084349_35a7,tarot,11,20,mid,3,-1,losing,stable,shangdang,hold,hold,,,383
tarot_opus_20260416_084349_35a7,tarot,11,20,mid,3,-1,losing,stable,shangcai,support,self_support,zheng,han,388
tarot_opus_20260416_084349_35a7,tarot,12,20,mid,3,0,stable,stable,zheng,hold,hold,,,360
tarot_opus_20260416_084349_35a7,tarot,12,20,mid,3,0,stable,stable,shangdang,support,self_support,zheng,han,369
tarot_opus_20260416_084349_35a7,tarot,12,20,mid,3,0,stable,stable,shangcai,hold,hold,,,468
tarot_opus_20260416_084349_35a7,tarot,13,20,mid,2,-1,losing,stable,shangcai,hold,hold,,,699
tarot_opus_20260416_084349_35a7,tarot,13,20,mid,2,-1,losing,stable,shangdang,support,self_support,zheng,han,296
tarot_opus_20260416_084349_35a7,tarot,13,20,mid,2,-1,losing,stable,zheng,hold,hold,,,384
tarot_opus_20260416_084349_35a7,tarot,14,20,late,1,-1,losing,losing,shangcai,hold,hold,,,112
tarot_opus_20260416_084349_35a7,tarot,14,20,late,1,-1,losing,losing,shangdang,hold,hold,,,100
tarot_opus_20260416_084349_35a7,tarot,15,20,late,0,-1,losing,losing,shangcai,hold,hold,,,879
tarot_opus_20260417_064826_fbb9,tarot,1,20,early,3,1,gaining,stable,zheng,move,move,shangcai,,181
tarot_opus_20260417_064826_fbb9,tarot,1,20,early,3,1,gaining,stable,shangdang,hold,hold,,,160
tarot_opus_20260417_064826_fbb9,tarot,2,20,early,3,0,stable,stable,shangcai,move,move,huai_river,,304
tarot_opus_20260417_064826_fbb9,tarot,2,20,early,3,0,stable,stable,shangdang,hold,hold,,,244
tarot_opus_20260417_064826_fbb9,tarot,2,20,early,3,0,stable,stable,zheng,support,self_support,shangdang,han,333
tarot_opus_20260417_064826_fbb9,tarot,3,20,early,2,-1,losing,stable,huai_river,support,self_support,shangcai,han,205
tarot_opus_20260417_064826_fbb9,tarot,3,20,early,2,-1,losing,stable,shangdang,move,move,zhongtiao,,232
tarot_opus_20260417_064826_fbb9,tarot,3,20,early,2,-1,losing,stable,zheng,hold,hold,,,245
tarot_opus_20260417_064826_fbb9,tarot,4,20,early,1,-1,losing,losing,huai_river,hold,hold,,,129
tarot_opus_20260417_064826_fbb9,tarot,4,20,early,1,-1,losing,losing,zheng,hold,hold,,,122
tarot_opus_20260417_064826_fbb9,tarot,5,20,early,1,0,stable,losing,zheng,hold,hold,,,253
tarot_opus_20260417_064826_fbb9,tarot,6,20,early,1,0,stable,losing,zheng,hold,hold,,,296
tarot_opus_20260417_064826_fbb9,tarot,7,20,mid,1,0,stable,losing,zheng,hold,hold,,,262
tarot_opus_20260417_064826_fbb9,tarot,8,20,mid,1,0,stable,losing,zheng,hold,hold,,,1018
tarot_opus_20260417_064826_fbb9,tarot,9,20,mid,0,-1,losing,losing,shangcai,hold,hold,,,921
tarot_opus_20260417_064827_e0ff,tarot,1,20,early,3,1,gaining,stable,zheng,move,move,shangcai,,529
tarot_opus_20260417_064827_e0ff,tarot,1,20,early,3,1,gaining,stable,shangdang,hold,hold,,,412
tarot_opus_20260417_064827_e0ff,tarot,2,20,early,3,0,stable,stable,shangcai,hold,hold,,,264
tarot_opus_20260417_064827_e0ff,tarot,2,20,early,3,0,stable,stable,shangdang,hold,hold,,,193
tarot_opus_20260417_064827_e0ff,tarot,2,20,early,3,0,stable,stable,zheng,support,self_support,shangdang,han,310
tarot_opus_20260417_064827_e0ff,tarot,3,20,early,2,-1,losing,stable,shangcai,move,move,huai_river,,222
tarot_opus_20260417_064827_e0ff,tarot,3,20,early,2,-1,losing,stable,zheng,support,self_support,shangdang,han,337
tarot_opus_20260417_064827_e0ff,tarot,3,20,early,2,-1,losing,stable,shangdang,hold,hold,,,239
tarot_opus_20260417_064827_e0ff,tarot,4,20,early,2,0,stable,stable,shangdang,support,self_support,zheng,han,169
tarot_opus_20260417_064827_e0ff,tarot,4,20,early,2,0,stable,stable,zheng,hold,hold,,,235
tarot_opus_20260417_064827_e0ff,tarot,5,20,early,2,0,stable,stable,shangdang,support,self_support,zheng,han,32
tarot_opus_20260417_064827_e0ff,tarot,5,20,early,2,0,stable,stable,zheng,hold,hold,,,52
tarot_opus_20260417_064827_e0ff,tarot,6,20,early,2,0,stable,stable,zheng,hold,hold,,,873
tarot_opus_20260417_064827_e0ff,tarot,6,20,early,2,0,stable,stable,shangdang,support,self_support,zheng,han,681
tarot_opus_20260417_064827_e0ff,tarot,7,20,mid,2,0,stable,stable,shangdang,support,self_support,zheng,han,683
tarot_opus_20260417_064827_e0ff,tarot,7,20,mid,2,0,stable,stable,zheng,support,self_support,shangdang,han,647
tarot_opus_20260417_064827_e0ff,tarot,8,20,mid,2,0,stable,stable,shangdang,support,self_support,zheng,han,811
tarot_opus_20260417_064827_e0ff,tarot,8,20,mid,2,0,stable,stable,zheng,hold,hold,,,589
tarot_opus_20260417_064827_e0ff,tarot,9,20,mid,2,0,stable,stable,zheng,hold,hold,,,557
tarot_opus_20260417_064827_e0ff,tarot,9,20,mid,2,0,stable,stable,shangdang,support,self_support,zheng,han,600
tarot_opus_20260417_064827_e0ff,tarot,10,20,mid,2,0,stable,stable,shangdang,hold,hold,,,637
tarot_opus_20260417_064827_e0ff,tarot,10,20,mid,2,0,stable,stable,zheng,hold,hold,,,558
tarot_opus_20260417_064827_e0ff,tarot,11,20,mid,2,0,stable,stable,shangdang,support,self_support,zheng,han,733
tarot_opus_20260417_064827_e0ff,tarot,11,20,mid,2,0,stable,stable,zheng,hold,hold,,,424
tarot_opus_20260417_064827_e0ff,tarot,12,20,mid,2,0,stable,stable,shangdang,hold,hold,,,230
tarot_opus_20260417_064827_e0ff,tarot,12,20,mid,2,0,stable,stable,zheng,support,other_support,yewang,wei,526
tarot_opus_20260417_064827_e0ff,tarot,13,20,mid,2,0,stable,stable,shangdang,hold,hold,,,366
tarot_opus_20260417_064827_e0ff,tarot,13,20,mid,2,0,stable,stable,zheng,hold,hold,,,534
tarot_opus_20260417_064827_e0ff,tarot,14,20,late,2,0,stable,stable,zheng,move,move,yewang,,694
tarot_opus_20260417_064827_e0ff,tarot,14,20,late,2,0,stable,stable,shangdang,hold,hold,,,550
tarot_opus_20260417_064827_e0ff,tarot,15,20,late,2,0,stable,stable,shangdang,hold,hold,,,991
tarot_opus_20260417_064827_e0ff,tarot,15,20,late,2,0,stable,stable,yewang,hold,hold,,,834
tarot_opus_20260417_064827_e0ff,tarot,16,20,late,2,0,stable,stable,yewang,move,move,zheng,,360
tarot_opus_20260417_064827_e0ff,tarot,16,20,late,2,0,stable,stable,shangdang,support,self_support,zheng,han,423
tarot_opus_20260417_064827_e0ff,tarot,17,20,late,2,0,stable,stable,shangdang,hold,hold,,,434
tarot_opus_20260417_064827_e0ff,tarot,17,20,late,2,0,stable,stable,zheng,support,self_support,shangdang,han,670
tarot_opus_20260417_064827_e0ff,tarot,18,20,late,1,-1,losing,losing,shangdang,hold,hold,,,180
tarot_opus_20260417_064827_e0ff,tarot,18,20,late,1,-1,losing,losing,zheng,support,self_support,shangdang,han,539
tarot_opus_20260417_064827_e0ff,tarot,19,20,late,1,0,stable,losing,zheng,hold,hold,,,731
tarot_opus_20260417_064827_e0ff,tarot,20,20,late,1,0,stable,losing,shangcai,hold,hold,,,615
tarot_opus_20260417_064828_54d8,tarot,1,20,early,2,0,stable,stable,shangdang,hold,hold,,,194
tarot_opus_20260417_064828_54d8,tarot,1,20,early,2,0,stable,stable,zheng,move,move,luoyang,,243
tarot_opus_20260417_064828_54d8,tarot,2,20,early,2,0,stable,stable,shangdang,hold,hold,,,603
tarot_opus_20260417_064828_54d8,tarot,2,20,early,2,0,stable,stable,zheng,hold,hold,,,549
tarot_opus_20260417_064828_54d8,tarot,3,20,early,2,0,stable,stable,shangdang,hold,hold,,,227
tarot_opus_20260417_064828_54d8,tarot,3,20,early,2,0,stable,stable,zheng,hold,hold,,,564
tarot_opus_20260417_064828_54d8,tarot,4,20,early,2,0,stable,stable,zheng,move,move,luoyang,,751
tarot_opus_20260417_064828_54d8,tarot,4,20,early,2,0,stable,stable,shangdang,move,move,zheng,,702
tarot_opus_20260417_064828_54d8,tarot,5,20,early,2,0,stable,stable,zheng,move,move,luoyang,,383
tarot_opus_20260417_064828_54d8,tarot,5,20,early,2,0,stable,stable,shangdang,hold,hold,,,367
tarot_opus_20260417_064828_54d8,tarot,6,20,early,2,0,stable,stable,shangdang,move,move,zheng,,325
tarot_opus_20260417_064828_54d8,tarot,6,20,early,2,0,stable,stable,yewang,support,self_support,zheng,han,256
tarot_opus_20260417_064828_54d8,tarot,7,20,mid,2,0,stable,stable,zheng,move,move,luoyang,,864
tarot_opus_20260417_064828_54d8,tarot,7,20,mid,2,0,stable,stable,yewang,hold,hold,,,720
tarot_opus_20260417_064828_54d8,tarot,8,20,mid,2,0,stable,stable,shangdang,move,move,zheng,,719
tarot_opus_20260417_064828_54d8,tarot,8,20,mid,2,0,stable,stable,yewang,support,self_support,zheng,han,636
tarot_opus_20260417_064828_54d8,tarot,9,20,mid,2,0,stable,stable,yewang,hold,hold,,,619
tarot_opus_20260417_064828_54d8,tarot,9,20,mid,2,0,stable,stable,zheng,move,move,luoyang,,851
tarot_opus_20260417_064828_54d8,tarot,10,20,mid,2,0,stable,stable,shangdang,support,self_support,zheng,han,726
tarot_opus_20260417_064828_54d8,tarot,10,20,mid,2,0,stable,stable,yewang,move,move,zheng,,614
tarot_opus_20260417_064828_54d8,tarot,11,20,mid,2,0,stable,stable,zheng,move,move,luoyang,,619
tarot_opus_20260417_064828_54d8,tarot,11,20,mid,2,0,stable,stable,shangdang,hold,hold,,,377
tarot_opus_20260417_064828_54d8,tarot,12,20,mid,2,0,stable,stable,zheng,move,move,luoyang,,168
tarot_opus_20260417_064828_54d8,tarot,12,20,mid,2,0,stable,stable,shangdang,hold,hold,,,145
tarot_opus_20260417_064828_54d8,tarot,13,20,mid,2,0,stable,stable,shangdang,hold,hold,,,266
tarot_opus_20260417_064828_54d8,tarot,13,20,mid,2,0,stable,stable,zheng,hold,hold,,,312
tarot_opus_20260417_064828_54d8,tarot,14,20,late,1,-1,losing,losing,shangdang,hold,hold,,,222
tarot_opus_20260417_064828_54d8,tarot,14,20,late,1,-1,losing,losing,zheng,move,move,luoyang,,724
tarot_opus_20260417_064828_54d8,tarot,15,20,late,1,0,stable,losing,shangdang,hold,hold,,,273
tarot_opus_20260417_064828_54d8,tarot,16,20,late,1,0,stable,losing,shangdang,hold,hold,,,1124
tarot_opus_20260417_064828_54d8,tarot,17,20,late,1,0,stable,losing,shangdang,hold,hold,,,335
tarot_opus_20260417_064828_54d8,tarot,18,20,late,1,0,stable,losing,shangdang,hold,hold,,,808
tarot_opus_20260417_064828_54d8,tarot,19,20,late,1,0,stable,losing,shangdang,hold,hold,,,874
tarot_opus_20260417_064828_54d8,tarot,20,20,late,0,-1,losing,losing,shangdang,hold,hold,,,1229
tarot_opus_20260417_064828_ffa6,tarot,1,20,early,3,1,gaining,stable,shangdang,hold,hold,,,752
tarot_opus_20260417_064828_ffa6,tarot,1,20,early,3,1,gaining,stable,zheng,move,move,yewang,,837
tarot_opus_20260417_064828_ffa6,tarot,2,20,early,3,0,stable,stable,shangdang,hold,hold,,,971
tarot_opus_20260417_064828_ffa6,tarot,2,20,early,3,0,stable,stable,yewang,hold,hold,,,501
tarot_opus_20260417_064828_ffa6,tarot,2,20,early,3,0,stable,stable,zheng,move,move,shangcai,,736
tarot_opus_20260417_064828_ffa6,tarot,3,20,early,4,1,gaining,stable,shangdang,support,self_support,zheng,han,485
tarot_opus_20260417_064828_ffa6,tarot,3,20,early,4,1,gaining,stable,yewang,move,move,zheng,,512
tarot_opus_20260417_064828_ffa6,tarot,3,20,early,4,1,gaining,stable,zheng,move,move,shangcai,,507
tarot_opus_20260417_064828_ffa6,tarot,4,20,early,4,0,stable,stable,luoyang,hold,hold,,,753
tarot_opus_20260417_064828_ffa6,tarot,4,20,early,4,0,stable,stable,shangdang,hold,hold,,,399
tarot_opus_20260417_064828_ffa6,tarot,4,20,early,4,0,stable,stable,yewang,hold,hold,,,348
tarot_opus_20260417_064828_ffa6,tarot,4,20,early,4,0,stable,stable,zheng,move,move,shangcai,,472
tarot_opus_20260417_064828_ffa6,tarot,5,20,early,4,0,stable,stable,luoyang,hold,hold,,,273
tarot_opus_20260417_064828_ffa6,tarot,5,20,early,4,0,stable,stable,shangdang,hold,hold,,,292
tarot_opus_20260417_064828_ffa6,tarot,5,20,early,4,0,stable,stable,yewang,hold,hold,,,271
tarot_opus_20260417_064828_ffa6,tarot,5,20,early,4,0,stable,stable,zheng,support,self_support,yewang,han,506
tarot_opus_20260417_064828_ffa6,tarot,6,20,early,4,0,stable,stable,luoyang,support,self_support,central_plain,han,772
tarot_opus_20260417_064828_ffa6,tarot,6,20,early,4,0,stable,stable,yewang,move,move,central_plain,,433
tarot_opus_20260417_064828_ffa6,tarot,6,20,early,4,0,stable,stable,zheng,support,self_support,luoyang,han,540
tarot_opus_20260417_064828_ffa6,tarot,6,20,early,4,0,stable,stable,shangdang,hold,hold,,,404
tarot_opus_20260417_064828_ffa6,tarot,7,20,mid,4,0,stable,stable,luoyang,hold,hold,,,168
tarot_opus_20260417_064828_ffa6,tarot,7,20,mid,4,0,stable,stable,central_plain,support,self_support,luoyang,han,197
tarot_opus_20260417_064828_ffa6,tarot,7,20,mid,4,0,stable,stable,zheng,hold,hold,,,191
tarot_opus_20260417_064828_ffa6,tarot,7,20,mid,4,0,stable,stable,shangdang,support,self_support,zheng,han,332
tarot_opus_20260417_064828_ffa6,tarot,8,20,mid,4,0,stable,stable,central_plain,move,move,yewang,,288
tarot_opus_20260417_064828_ffa6,tarot,8,20,mid,4,0,stable,stable,luoyang,hold,hold,,,237
tarot_opus_20260417_064828_ffa6,tarot,8,20,mid,4,0,stable,stable,shangdang,hold,hold,,,247
tarot_opus_20260417_064828_ffa6,tarot,8,20,mid,4,0,stable,stable,zheng,hold,hold,,,387
tarot_opus_20260417_064828_ffa6,tarot,9,20,mid,4,0,stable,stable,luoyang,hold,hold,,,290
tarot_opus_20260417_064828_ffa6,tarot,9,20,mid,4,0,stable,stable,zheng,support,self_support,luoyang,han,270
tarot_opus_20260417_064828_ffa6,tarot,9,20,mid,4,0,stable,stable,yewang,hold,hold,,,275
tarot_opus_20260417_064828_ffa6,tarot,9,20,mid,4,0,stable,stable,shangdang,hold,hold,,,397
tarot_opus_20260417_064828_ffa6,tarot,10,20,mid,3,-1,losing,stable,luoyang,hold,hold,,,229
tarot_opus_20260417_064828_ffa6,tarot,10,20,mid,3,-1,losing,stable,shangdang,hold,hold,,,271
tarot_opus_20260417_064828_ffa6,tarot,10,20,mid,3,-1,losing,stable,zheng,support,self_support,shangdang,han,342
tarot_opus_20260417_064828_ffa6,tarot,10,20,mid,3,-1,losing,stable,yewang,hold,hold,,,379
tarot_opus_20260417_064828_ffa6,tarot,11,20,mid,3,0,stable,stable,luoyang,hold,hold,,,893
tarot_opus_20260417_064828_ffa6,tarot,11,20,mid,3,0,stable,stable,yewang,hold,hold,,,304
tarot_opus_20260417_064828_ffa6,tarot,11,20,mid,3,0,stable,stable,zheng,support,self_support,luoyang,han,419
tarot_opus_20260417_064828_ffa6,tarot,12,20,mid,2,-1,losing,stable,luoyang,hold,hold,,,518
tarot_opus_20260417_064828_ffa6,tarot,12,20,mid,2,-1,losing,stable,yewang,move,move,henei,,576
tarot_opus_20260417_064828_ffa6,tarot,12,20,mid,2,-1,losing,stable,zheng,hold,hold,,,505
tarot_opus_20260417_064828_ffa6,tarot,13,20,mid,2,0,stable,stable,luoyang,hold,hold,,,745
tarot_opus_20260417_064828_ffa6,tarot,13,20,mid,2,0,stable,stable,zheng,support,self_support,luoyang,han,742
tarot_opus_20260417_064828_ffa6,tarot,14,20,late,1,-1,losing,losing,luoyang,hold,hold,,,1059
tarot_opus_20260417_064828_ffa6,tarot,14,20,late,1,-1,losing,losing,yewang,hold,hold,,,1026
tarot_opus_20260417_064828_ffa6,tarot,15,20,late,1,0,stable,losing,yewang,hold,hold,,,908
tarot_opus_20260417_064828_ffa6,tarot,16,20,late,0,-1,losing,losing,yewang,move,move,henei,,718
scrambled_text_opus_20260423_234641_7c92,scrambled,1,20,early,2,0,stable,stable,shangdang,hold,hold,,,340
scrambled_text_opus_20260423_234641_7c92,scrambled,1,20,early,2,0,stable,stable,zheng,move,move,luoyang,,671
scrambled_text_opus_20260423_234641_7c92,scrambled,2,20,early,2,0,stable,stable,shangdang,move,move,zhongtiao,,457
scrambled_text_opus_20260423_234641_7c92,scrambled,2,20,early,2,0,stable,stable,zheng,move,move,luoyang,,356
scrambled_text_opus_20260423_234641_7c92,scrambled,3,20,early,2,0,stable,stable,zheng,move,move,luoyang,,302
scrambled_text_opus_20260423_234641_7c92,scrambled,3,20,early,2,0,stable,stable,zhongtiao,move,move,hangu_pass,,315
scrambled_text_opus_20260423_234641_7c92,scrambled,4,20,early,2,0,stable,stable,zheng,move,move,luoyang,,585
scrambled_text_opus_20260423_234641_7c92,scrambled,4,20,early,2,0,stable,stable,zhongtiao,hold,hold,,,476
scrambled_text_opus_20260423_234641_7c92,scrambled,5,20,early,2,0,stable,stable,shangcai,hold,hold,,,462
scrambled_text_opus_20260423_234641_7c92,scrambled,5,20,early,2,0,stable,stable,zhongtiao,move,move,shangdang,,840
scrambled_text_opus_20260423_234641_7c92,scrambled,6,20,early,2,0,stable,stable,shangcai,support,self_support,zheng,han,216
scrambled_text_opus_20260423_234641_7c92,scrambled,6,20,early,2,0,stable,stable,shangdang,move,move,zheng,,294
scrambled_text_opus_20260423_234641_7c92,scrambled,7,20,mid,2,0,stable,stable,zheng,hold,hold,,,391
scrambled_text_opus_20260423_234641_7c92,scrambled,7,20,mid,2,0,stable,stable,shangcai,support,self_support,zheng,han,583
scrambled_text_opus_20260423_234641_7c92,scrambled,8,20,mid,2,0,stable,stable,shangcai,support,self_support,zheng,han,326
scrambled_text_opus_20260423_234641_7c92,scrambled,8,20,mid,2,0,stable,stable,zheng,hold,hold,,,276
scrambled_text_opus_20260423_234641_7c92,scrambled,9,20,mid,2,0,stable,stable,shangcai,support,self_support,zheng,han,275
scrambled_text_opus_20260423_234641_7c92,scrambled,9,20,mid,2,0,stable,stable,zheng,hold,hold,,,252
scrambled_text_opus_20260423_234641_7c92,scrambled,10,20,mid,2,0,stable,stable,zheng,hold,hold,,,264
scrambled_text_opus_20260423_234641_7c92,scrambled,10,20,mid,2,0,stable,stable,shangcai,support,self_support,zheng,han,331
scrambled_text_opus_20260423_234641_7c92,scrambled,11,20,mid,2,0,stable,stable,shangcai,support,self_support,zheng,han,171
scrambled_text_opus_20260423_234641_7c92,scrambled,11,20,mid,2,0,stable,stable,zheng,hold,hold,,,186
scrambled_text_opus_20260423_234641_7c92,scrambled,12,20,mid,2,0,stable,stable,zheng,support,other_support,luoyang,chu,1036
scrambled_text_opus_20260423_234641_7c92,scrambled,12,20,mid,2,0,stable,stable,shangcai,hold,hold,,,646
scrambled_text_opus_20260423_234641_7c92,scrambled,13,20,mid,2,0,stable,stable,yewang,move,move,zheng,,448
scrambled_text_opus_20260423_234641_7c92,scrambled,13,20,mid,2,0,stable,stable,shangcai,support,self_support,zheng,han,373
scrambled_text_opus_20260423_234641_7c92,scrambled,14,20,late,2,0,stable,stable,shangcai,support,self_support,zheng,han,136
scrambled_text_opus_20260423_234641_7c92,scrambled,14,20,late,2,0,stable,stable,zheng,hold,hold,,,124
scrambled_text_opus_20260423_234641_7c92,scrambled,15,20,late,2,0,stable,stable,zheng,hold,hold,,,390
scrambled_text_opus_20260423_234641_7c92,scrambled,15,20,late,2,0,stable,stable,shangcai,support,self_support,zheng,han,414
scrambled_text_opus_20260423_234641_7c92,scrambled,16,20,late,2,0,stable,stable,zheng,hold,hold,,,422
scrambled_text_opus_20260423_234641_7c92,scrambled,16,20,late,2,0,stable,stable,shangcai,support,self_support,zheng,han,522
scrambled_text_opus_20260423_234641_7c92,scrambled,17,20,late,2,0,stable,stable,shangcai,support,self_support,zheng,han,310
scrambled_text_opus_20260423_234641_7c92,scrambled,17,20,late,2,0,stable,stable,zheng,support,self_support,shangcai,han,272
scrambled_text_opus_20260423_234641_7c92,scrambled,18,20,late,2,0,stable,stable,shangcai,support,self_support,zheng,han,357
scrambled_text_opus_20260423_234641_7c92,scrambled,18,20,late,2,0,stable,stable,zheng,hold,hold,,,208
scrambled_text_opus_20260423_234641_7c92,scrambled,19,20,late,2,0,stable,stable,zheng,hold,hold,,,484
scrambled_text_opus_20260423_234641_7c92,scrambled,19,20,late,2,0,stable,stable,shangcai,support,self_support,zheng,han,583
scrambled_text_opus_20260423_234641_7c92,scrambled,20,20,late,2,0,stable,stable,shangcai,support,self_support,zheng,han,386
scrambled_text_opus_20260423_234641_7c92,scrambled,20,20,late,2,0,stable,stable,zheng,hold,hold,,,419
scrambled_text_opus_20260424_115648_1bfd,scrambled,1,20,early,2,0,stable,stable,shangdang,hold,hold,,,407
scrambled_text_opus_20260424_115648_1bfd,scrambled,1,20,early,2,0,stable,stable,zheng,move,move,luoyang,,799
scrambled_text_opus_20260424_115648_1bfd,scrambled,2,20,early,2,0,stable,stable,shangdang,hold,hold,,,365
scrambled_text_opus_20260424_115648_1bfd,scrambled,2,20,early,2,0,stable,stable,zheng,move,move,luoyang,,829
scrambled_text_opus_20260424_115648_1bfd,scrambled,3,20,early,2,0,stable,stable,shangdang,hold,hold,,,441
scrambled_text_opus_20260424_115648_1bfd,scrambled,3,20,early,2,0,stable,stable,zheng,move,move,luoyang,,735
scrambled_text_opus_20260424_115648_1bfd,scrambled,4,20,early,2,0,stable,stable,yewang,move,move,zheng,,190
scrambled_text_opus_20260424_115648_1bfd,scrambled,4,20,early,2,0,stable,stable,shangdang,support,self_support,zheng,han,286
scrambled_text_opus_20260424_115648_1bfd,scrambled,5,20,early,3,1,gaining,stable,taihang,move,move,shangdang,,135
scrambled_text_opus_20260424_115648_1bfd,scrambled,5,20,early,3,1,gaining,stable,zheng,support,self_support,shangdang,han,158
scrambled_text_opus_20260424_115648_1bfd,scrambled,6,20,early,2,-1,losing,stable,shangdang,hold,hold,,,166
scrambled_text_opus_20260424_115648_1bfd,scrambled,6,20,early,2,-1,losing,stable,yewang,support,self_support,zheng,han,201
scrambled_text_opus_20260424_115648_1bfd,scrambled,6,20,early,2,-1,losing,stable,zheng,hold,hold,,,154
scrambled_text_opus_20260424_115648_1bfd,scrambled,7,20,mid,1,-1,losing,losing,shangdang,hold,hold,,,597
scrambled_text_opus_20260424_115648_1bfd,scrambled,7,20,mid,1,-1,losing,losing,zheng,support,self_support,shangdang,han,750
scrambled_text_opus_20260424_115648_1bfd,scrambled,8,20,mid,1,0,stable,losing,shangdang,hold,hold,,,1083
scrambled_text_opus_20260424_115648_1bfd,scrambled,9,20,mid,1,0,stable,losing,shangdang,hold,hold,,,807
scrambled_text_opus_20260424_115648_1bfd,scrambled,10,20,mid,1,0,stable,losing,shangdang,hold,hold,,,1031
scrambled_text_opus_20260424_115648_1bfd,scrambled,11,20,mid,1,0,stable,losing,shangdang,hold,hold,,,1094
scrambled_text_opus_20260424_115648_1bfd,scrambled,12,20,mid,1,0,stable,losing,shangdang,hold,hold,,,255
scrambled_text_opus_20260424_115648_1bfd,scrambled,13,20,mid,1,0,stable,losing,shangdang,hold,hold,,,93
scrambled_text_opus_20260424_115648_1bfd,scrambled,14,20,late,1,0,stable,losing,shangdang,move,move,zhongtiao,,101
scrambled_text_opus_20260424_115648_1bfd,scrambled,15,20,late,1,0,stable,losing,zhongtiao,move,move,shangdang,,71
scrambled_text_opus_20260424_115648_1bfd,scrambled,16,20,late,1,0,stable,losing,shangdang,hold,hold,,,106
scrambled_text_opus_20260424_115648_1bfd,scrambled,17,20,late,1,0,stable,losing,shangdang,hold,hold,,,82
scrambled_text_opus_20260424_115648_1bfd,scrambled,18,20,late,1,0,stable,losing,shangdang,hold,hold,,,71
scrambled_text_opus_20260424_115648_1bfd,scrambled,19,20,late,1,0,stable,losing,shangdang,hold,hold,,,96
scrambled_text_opus_20260424_115648_1bfd,scrambled,20,20,late,1,0,stable,losing,shangdang,hold,hold,,,110
scrambled_text_opus_20260424_232606_d1ae,scrambled,1,20,early,2,0,stable,stable,zheng,move,move,luoyang,,282
scrambled_text_opus_20260424_232606_d1ae,scrambled,1,20,early,2,0,stable,stable,shangdang,move,move,zhongtiao,,216
scrambled_text_opus_20260424_232606_d1ae,scrambled,2,20,early,1,-1,losing,losing,zheng,move,move,luoyang,,755
scrambled_text_opus_20260424_232606_d1ae,scrambled,2,20,early,1,-1,losing,losing,zhongtiao,move,move,shangdang,,544
scrambled_text_opus_20260424_232606_d1ae,scrambled,3,20,early,1,0,stable,losing,zhongtiao,move,move,yewang,,929
scrambled_text_opus_20260424_232606_d1ae,scrambled,4,20,early,1,0,stable,losing,yewang,hold,hold,,,1044
scrambled_text_opus_20260424_232606_d1ae,scrambled,5,20,early,1,0,stable,losing,yewang,hold,hold,,,1072
scrambled_text_opus_20260424_232606_d1ae,scrambled,6,20,early,1,0,stable,losing,yewang,hold,hold,,,1253
scrambled_text_opus_20260424_232606_d1ae,scrambled,7,20,mid,1,0,stable,losing,yewang,support,other_support,henei,zhao,362
scrambled_text_opus_20260424_232606_d1ae,scrambled,8,20,mid,1,0,stable,losing,yewang,hold,hold,,,1156
scrambled_text_opus_20260424_232606_d1ae,scrambled,9,20,mid,1,0,stable,losing,yewang,support,other_support,central_plain,wei,1092
scrambled_text_opus_20260424_232606_d1ae,scrambled,10,20,mid,1,0,stable,losing,yewang,hold,hold,,,1168
scrambled_text_opus_20260424_232606_d1ae,scrambled,11,20,mid,1,0,stable,losing,henei,hold,hold,,,1232
scrambled_text_opus_20260424_232606_d1ae,scrambled,12,20,mid,1,0,stable,losing,henei,hold,hold,,,1329
scrambled_text_opus_20260424_232606_d1ae,scrambled,13,20,mid,1,0,stable,losing,henei,hold,hold,,,1316
scrambled_text_opus_20260424_232606_d1ae,scrambled,14,20,late,1,0,stable,losing,henei,hold,hold,,,1183
scrambled_text_opus_20260424_232606_d1ae,scrambled,15,20,late,1,0,stable,losing,henei,hold,hold,,,1182
scrambled_text_opus_20260424_232606_d1ae,scrambled,16,20,late,1,0,stable,losing,henei,hold,hold,,,1138
scrambled_text_opus_20260424_232606_d1ae,scrambled,17,20,late,1,0,stable,losing,yewang,hold,hold,,,1037
scrambled_text_opus_20260424_232606_d1ae,scrambled,18,20,late,1,0,stable,losing,yewang,hold,hold,,,1122
scrambled_text_opus_20260424_232606_d1ae,scrambled,19,20,late,1,0,stable,losing,yewang,support,other_support,henei,wei,418
scrambled_text_opus_20260424_232606_d1ae,scrambled,20,20,late,0,-1,losing,losing,yewang,hold,hold,,,390
scrambled_text_opus_20260425_095615_296c,scrambled,1,20,early,2,0,stable,stable,shangdang,hold,hold,,,461
scrambled_text_opus_20260425_095615_296c,scrambled,1,20,early,2,0,stable,stable,zheng,move,move,luoyang,,620
scrambled_text_opus_20260425_095615_296c,scrambled,2,20,early,2,0,stable,stable,shangdang,support,self_support,zheng,han,498
scrambled_text_opus_20260425_095615_296c,scrambled,2,20,early,2,0,stable,stable,zheng,hold,hold,,,570
scrambled_text_opus_20260425_095615_296c,scrambled,3,20,early,2,0,stable,stable,zheng,move,move,luoyang,,705
scrambled_text_opus_20260425_095615_296c,scrambled,3,20,early,2,0,stable,stable,shangdang,hold,hold,,,594
scrambled_text_opus_20260425_095615_296c,scrambled,4,20,early,1,-1,losing,losing,shangdang,move,move,zhongtiao,,65
scrambled_text_opus_20260425_095615_296c,scrambled,4,20,early,1,-1,losing,losing,zheng,move,move,luoyang,,59
scrambled_text_opus_20260425_095615_296c,scrambled,5,20,early,1,0,stable,losing,zhongtiao,move,move,yewang,,34
scrambled_text_opus_20260425_095615_296c,scrambled,6,20,early,1,0,stable,losing,zhongtiao,move,move,yewang,,26
scrambled_text_opus_20260425_095615_296c,scrambled,7,20,mid,1,0,stable,losing,zhongtiao,hold,hold,,,117
scrambled_text_opus_20260425_095615_296c,scrambled,8,20,mid,0,-1,losing,losing,zhongtiao,support,other_support,shangdang,zhao,100
scrambled_text_opus_20260425_234105_6338,scrambled,1,20,early,2,0,stable,stable,zheng,move,move,luoyang,,501
scrambled_text_opus_20260425_234105_6338,scrambled,1,20,early,2,0,stable,stable,shangdang,hold,hold,,,464
scrambled_text_opus_20260425_234105_6338,scrambled,2,20,early,2,0,stable,stable,shangdang,hold,hold,,,474
scrambled_text_opus_20260425_234105_6338,scrambled,2,20,early,2,0,stable,stable,zheng,move,move,luoyang,,765
scrambled_text_opus_20260425_234105_6338,scrambled,3,20,early,2,0,stable,stable,zheng,move,move,luoyang,,734
scrambled_text_opus_20260425_234105_6338,scrambled,3,20,early,2,0,stable,stable,shangdang,hold,hold,,,601
scrambled_text_opus_20260425_234105_6338,scrambled,4,20,early,1,-1,losing,losing,shangdang,hold,hold,,,452
scrambled_text_opus_20260425_234105_6338,scrambled,4,20,early,1,-1,losing,losing,zheng,move,move,luoyang,,736
scrambled_text_opus_20260425_234105_6338,scrambled,5,20,early,1,0,stable,losing,zheng,move,move,shangcai,,938
scrambled_text_opus_20260425_234105_6338,scrambled,6,20,early,1,0,stable,losing,zheng,move,move,luoyang,,1090
scrambled_text_opus_20260425_234105_6338,scrambled,7,20,mid,1,0,stable,losing,zheng,move,move,luoyang,,1159
scrambled_text_opus_20260425_234105_6338,scrambled,8,20,mid,1,0,stable,losing,shangdang,move,move,zheng,,1146
scrambled_text_opus_20260425_234105_6338,scrambled,9,20,mid,1,0,stable,losing,zheng,move,move,luoyang,,224
scrambled_text_opus_20260425_234105_6338,scrambled,10,20,mid,1,0,stable,losing,shangdang,hold,hold,,,1173
scrambled_text_opus_20260425_234105_6338,scrambled,11,20,mid,1,0,stable,losing,shangdang,hold,hold,,,1013
scrambled_text_opus_20260425_234105_6338,scrambled,12,20,mid,0,-1,losing,losing,shangdang,hold,hold,,,170
scrambled_text_opus_20260426_071651_9c0b,scrambled,1,20,early,2,0,stable,stable,shangdang,hold,hold,,,595
scrambled_text_opus_20260426_071651_9c0b,scrambled,1,20,early,2,0,stable,stable,zheng,move,move,yewang,,1025
scrambled_text_opus_20260426_071651_9c0b,scrambled,2,20,early,1,-1,losing,losing,shangdang,support,self_support,zheng,han,375
scrambled_text_opus_20260426_071651_9c0b,scrambled,2,20,early,1,-1,losing,losing,zheng,hold,hold,,,519
scrambled_text_opus_20260426_071651_9c0b,scrambled,3,20,early,1,0,stable,losing,zheng,move,move,yewang,,1023
scrambled_text_opus_20260426_071651_9c0b,scrambled,4,20,early,1,0,stable,losing,zheng,move,move,yewang,,1194
scrambled_text_opus_20260426_071651_9c0b,scrambled,5,20,early,1,0,stable,losing,shangcai,hold,hold,,,1397
scrambled_text_opus_20260426_071651_9c0b,scrambled,6,20,early,1,0,stable,losing,shangcai,hold,hold,,,578
scrambled_text_opus_20260426_071651_9c0b,scrambled,7,20,mid,1,0,stable,losing,shangcai,hold,hold,,,1667
scrambled_text_opus_20260426_071651_9c0b,scrambled,8,20,mid,1,0,stable,losing,shangcai,hold,hold,,,962
scrambled_text_opus_20260426_071651_9c0b,scrambled,9,20,mid,1,0,stable,losing,shangcai,support,other_support,zheng,chu,1129
scrambled_text_opus_20260426_071651_9c0b,scrambled,10,20,mid,1,0,stable,losing,shangcai,hold,hold,,,1496
scrambled_text_opus_20260426_071651_9c0b,scrambled,11,20,mid,2,1,gaining,stable,shangcai,move,move,zheng,,1542
scrambled_text_opus_20260426_071651_9c0b,scrambled,12,20,mid,2,0,stable,stable,zheng,move,move,yewang,,457
scrambled_text_opus_20260426_071651_9c0b,scrambled,12,20,mid,2,0,stable,stable,shangcai,hold,hold,,,467
scrambled_text_opus_20260426_071651_9c0b,scrambled,13,20,mid,1,-1,losing,losing,shangcai,hold,hold,,,446
scrambled_text_opus_20260426_071651_9c0b,scrambled,13,20,mid,1,-1,losing,losing,zheng,move,move,yewang,,783
scrambled_text_opus_20260426_071651_9c0b,scrambled,14,20,late,1,0,stable,losing,shangcai,hold,hold,,,203
scrambled_text_opus_20260426_071651_9c0b,scrambled,15,20,late,1,0,stable,losing,shangcai,hold,hold,,,1621
scrambled_text_opus_20260426_071651_9c0b,scrambled,16,20,late,1,0,stable,losing,shangcai,hold,hold,,,1049
scrambled_text_opus_20260426_071651_9c0b,scrambled,17,20,late,1,0,stable,losing,shangcai,hold,hold,,,1175
scrambled_text_opus_20260426_071651_9c0b,scrambled,18,20,late,1,0,stable,losing,shangcai,hold,hold,,,1140
scrambled_text_opus_20260426_071651_9c0b,scrambled,19,20,late,0,-1,losing,losing,shangcai,support,other_support,zheng,chu,1236
scrambled_text_opus_20260426_141428_207d,scrambled,1,20,early,2,0,stable,stable,shangdang,hold,hold,,,389
scrambled_text_opus_20260426_141428_207d,scrambled,1,20,early,2,0,stable,stable,zheng,move,move,luoyang,,515
scrambled_text_opus_20260426_141428_207d,scrambled,2,20,early,2,0,stable,stable,shangdang,hold,hold,,,445
scrambled_text_opus_20260426_141428_207d,scrambled,2,20,early,2,0,stable,stable,zheng,move,move,luoyang,,867
scrambled_text_opus_20260426_141428_207d,scrambled,3,20,early,2,0,stable,stable,shangdang,hold,hold,,,744
scrambled_text_opus_20260426_141428_207d,scrambled,3,20,early,2,0,stable,stable,zheng,move,move,shangcai,,1015
scrambled_text_opus_20260426_141428_207d,scrambled,4,20,early,2,0,stable,stable,shangdang,hold,hold,,,204
scrambled_text_opus_20260426_141428_207d,scrambled,4,20,early,2,0,stable,stable,zheng,move,move,shangcai,,539
scrambled_text_opus_20260426_141428_207d,scrambled,5,20,early,2,0,stable,stable,shangdang,hold,hold,,,350
scrambled_text_opus_20260426_141428_207d,scrambled,5,20,early,2,0,stable,stable,zheng,move,move,luoyang,,407
scrambled_text_opus_20260426_141428_207d,scrambled,6,20,early,2,0,stable,stable,shangdang,hold,hold,,,255
scrambled_text_opus_20260426_141428_207d,scrambled,6,20,early,2,0,stable,stable,zheng,move,move,luoyang,,474
scrambled_text_opus_20260426_141428_207d,scrambled,7,20,mid,2,0,stable,stable,zheng,move,move,luoyang,,430
scrambled_text_opus_20260426_141428_207d,scrambled,7,20,mid,2,0,stable,stable,shangdang,hold,hold,,,449
scrambled_text_opus_20260426_141428_207d,scrambled,8,20,mid,2,0,stable,stable,shangdang,hold,hold,,,503
scrambled_text_opus_20260426_141428_207d,scrambled,8,20,mid,2,0,stable,stable,zheng,move,move,luoyang,,857
scrambled_text_opus_20260426_141428_207d,scrambled,9,20,mid,2,0,stable,stable,shangdang,hold,hold,,,248
scrambled_text_opus_20260426_141428_207d,scrambled,9,20,mid,2,0,stable,stable,zheng,move,move,luoyang,,393
scrambled_text_opus_20260426_141428_207d,scrambled,10,20,mid,2,0,stable,stable,zheng,move,move,luoyang,,287
scrambled_text_opus_20260426_141428_207d,scrambled,10,20,mid,2,0,stable,stable,shangdang,hold,hold,,,324
scrambled_text_opus_20260426_141428_207d,scrambled,11,20,mid,2,0,stable,stable,shangdang,hold,hold,,,681
scrambled_text_opus_20260426_141428_207d,scrambled,11,20,mid,2,0,stable,stable,zheng,move,move,luoyang,,993
scrambled_text_opus_20260426_141428_207d,scrambled,12,20,mid,2,0,stable,stable,zheng,move,move,luoyang,,650
scrambled_text_opus_20260426_141428_207d,scrambled,12,20,mid,2,0,stable,stable,shangdang,hold,hold,,,633
scrambled_text_opus_20260426_141428_207d,scrambled,13,20,mid,2,0,stable,stable,shangdang,hold,hold,,,253
scrambled_text_opus_20260426_141428_207d,scrambled,13,20,mid,2,0,stable,stable,zheng,move,move,luoyang,,321
scrambled_text_opus_20260426_141428_207d,scrambled,14,20,late,2,0,stable,stable,shangdang,support,self_support,zheng,han,312
scrambled_text_opus_20260426_141428_207d,scrambled,14,20,late,2,0,stable,stable,zheng,hold,hold,,,378
scrambled_text_opus_20260426_141428_207d,scrambled,15,20,late,2,0,stable,stable,shangdang,hold,hold,,,48
scrambled_text_opus_20260426_141428_207d,scrambled,15,20,late,2,0,stable,stable,zheng,move,move,yewang,,77
scrambled_text_opus_20260426_141428_207d,scrambled,16,20,late,2,0,stable,stable,shangdang,support,self_support,zheng,han,1265
scrambled_text_opus_20260426_141428_207d,scrambled,16,20,late,2,0,stable,stable,zheng,hold,hold,,,636
scrambled_text_opus_20260426_141428_207d,scrambled,17,20,late,2,0,stable,stable,shangdang,support,self_support,zheng,han,851
scrambled_text_opus_20260426_141428_207d,scrambled,17,20,late,2,0,stable,stable,zheng,hold,hold,,,730
scrambled_text_opus_20260426_141428_207d,scrambled,18,20,late,2,0,stable,stable,shangdang,support,self_support,zheng,han,649
scrambled_text_opus_20260426_141428_207d,scrambled,18,20,late,2,0,stable,stable,zheng,hold,hold,,,532
scrambled_text_opus_20260426_141428_207d,scrambled,19,20,late,2,0,stable,stable,shangdang,support,self_support,zheng,han,676
scrambled_text_opus_20260426_141428_207d,scrambled,19,20,late,2,0,stable,stable,zheng,support,self_support,shangdang,han,625
scrambled_text_opus_20260426_141428_207d,scrambled,20,20,late,2,0,stable,stable,shangdang,hold,hold,,,612
scrambled_text_opus_20260426_141428_207d,scrambled,20,20,late,2,0,stable,stable,zheng,hold,hold,,,647
scrambled_text_opus_20260426_221514_422f,scrambled,1,20,early,2,0,stable,stable,shangdang,hold,hold,,,825
scrambled_text_opus_20260426_221514_422f,scrambled,1,20,early,2,0,stable,stable,zheng,move,move,luoyang,,846
scrambled_text_opus_20260426_221514_422f,scrambled,2,20,early,2,0,stable,stable,shangdang,hold,hold,,,492
scrambled_text_opus_20260426_221514_422f,scrambled,2,20,early,2,0,stable,stable,zheng,move,move,luoyang,,801
scrambled_text_opus_20260426_221514_422f,scrambled,3,20,early,2,0,stable,stable,zheng,move,move,luoyang,,515
scrambled_text_opus_20260426_221514_422f,scrambled,3,20,early,2,0,stable,stable,shangdang,hold,hold,,,664
scrambled_text_opus_20260426_221514_422f,scrambled,4,20,early,2,0,stable,stable,zheng,hold,hold,,,254
scrambled_text_opus_20260426_221514_422f,scrambled,4,20,early,2,0,stable,stable,shangdang,support,self_support,zheng,han,336
scrambled_text_opus_20260426_221514_422f,scrambled,5,20,early,2,0,stable,stable,shangdang,hold,hold,,,221
scrambled_text_opus_20260426_221514_422f,scrambled,5,20,early,2,0,stable,stable,zheng,move,move,shangcai,,336
scrambled_text_opus_20260426_221514_422f,scrambled,6,20,early,1,-1,losing,losing,luoyang,hold,hold,,,102
scrambled_text_opus_20260426_221514_422f,scrambled,6,20,early,1,-1,losing,losing,shangdang,move,move,zhongtiao,,125
scrambled_text_opus_20260426_221514_422f,scrambled,7,20,mid,1,0,stable,losing,luoyang,hold,hold,,,1201
scrambled_text_opus_20260426_221514_422f,scrambled,8,20,mid,1,0,stable,losing,luoyang,hold,hold,,,870
scrambled_text_opus_20260426_221514_422f,scrambled,9,20,mid,1,0,stable,losing,luoyang,hold,hold,,,1166
scrambled_text_opus_20260426_221514_422f,scrambled,10,20,mid,0,-1,losing,losing,luoyang,hold,hold,,,1235
scrambled_text_opus_20260427_064006_cb32,scrambled,1,20,early,2,0,stable,stable,shangdang,hold,hold,,,212
scrambled_text_opus_20260427_064006_cb32,scrambled,1,20,early,2,0,stable,stable,zheng,move,move,luoyang,,317
scrambled_text_opus_20260427_064006_cb32,scrambled,2,20,early,2,0,stable,stable,zheng,move,move,luoyang,,299
scrambled_text_opus_20260427_064006_cb32,scrambled,2,20,early,2,0,stable,stable,shangdang,move,move,zheng,,377
scrambled_text_opus_20260427_064006_cb32,scrambled,3,20,early,2,0,stable,stable,shangdang,hold,hold,,,552
scrambled_text_opus_20260427_064006_cb32,scrambled,3,20,early,2,0,stable,stable,zheng,move,move,luoyang,,837
scrambled_text_opus_20260427_064006_cb32,scrambled,4,20,early,2,0,stable,stable,zheng,move,move,luoyang,,296
scrambled_text_opus_20260427_064006_cb32,scrambled,4,20,early,2,0,stable,stable,shangdang,hold,hold,,,421
scrambled_text_opus_20260427_064006_cb32,scrambled,5,20,early,2,0,stable,stable,zheng,move,move,luoyang,,424
scrambled_text_opus_20260427_064006_cb32,scrambled,5,20,early,2,0,stable,stable,shangdang,hold,hold,,,443
scrambled_text_opus_20260427_064006_cb32,scrambled,6,20,early,2,0,stable,stable,shangdang,hold,hold,,,625
scrambled_text_opus_20260427_064006_cb32,scrambled,6,20,early,2,0,stable,stable,zheng,move,move,luoyang,,696
scrambled_text_opus_20260427_064006_cb32,scrambled,7,20,mid,2,0,stable,stable,shangdang,hold,hold,,,227
scrambled_text_opus_20260427_064006_cb32,scrambled,7,20,mid,2,0,stable,stable,zheng,move,move,luoyang,,336
scrambled_text_opus_20260427_064006_cb32,scrambled,8,20,mid,1,-1,losing,losing,zheng,move,move,luoyang,,536
scrambled_text_opus_20260427_064006_cb32,scrambled,8,20,mid,1,-1,losing,losing,shangdang,hold,hold,,,511
scrambled_text_opus_20260427_064006_cb32,scrambled,9,20,mid,1,0,stable,losing,shangdang,hold,hold,,,1233
scrambled_text_opus_20260427_064006_cb32,scrambled,10,20,mid,1,0,stable,losing,shangdang,hold,hold,,,1121
scrambled_text_opus_20260427_064006_cb32,scrambled,11,20,mid,1,0,stable,losing,shangdang,hold,hold,,,498
scrambled_text_opus_20260427_064006_cb32,scrambled,12,20,mid,1,0,stable,losing,shangdang,hold,hold,,,629
scrambled_text_opus_20260427_064006_cb32,scrambled,13,20,mid,1,0,stable,losing,shangdang,hold,hold,,,957
scrambled_text_opus_20260427_064006_cb32,scrambled,14,20,late,0,-1,losing,losing,shangdang,hold,hold,,,1042
scrambled_text_opus_20260427_100040_de3f,scrambled,1,20,early,2,0,stable,stable,zheng,move,move,yewang,,709
scrambled_text_opus_20260427_100040_de3f,scrambled,1,20,early,2,0,stable,stable,shangdang,hold,hold,,,410
scrambled_text_opus_20260427_100040_de3f,scrambled,2,20,early,2,0,stable,stable,shangdang,support,self_support,zheng,han,489
scrambled_text_opus_20260427_100040_de3f,scrambled,2,20,early,2,0,stable,stable,zheng,move,move,shangcai,,458
scrambled_text_opus_20260427_100040_de3f,scrambled,3,20,early,2,0,stable,stable,zheng,move,move,shangcai,,147
scrambled_text_opus_20260427_100040_de3f,scrambled,3,20,early,2,0,stable,stable,shangdang,hold,hold,,,193
scrambled_text_opus_20260427_100040_de3f,scrambled,4,20,early,1,-1,losing,losing,shangdang,support,self_support,zheng,han,910
scrambled_text_opus_20260427_100040_de3f,scrambled,4,20,early,1,-1,losing,losing,zheng,hold,hold,,,618
scrambled_text_opus_20260427_100040_de3f,scrambled,5,20,early,1,0,stable,losing,shangdang,hold,hold,,,885
scrambled_text_opus_20260427_100040_de3f,scrambled,6,20,early,1,0,stable,losing,shangdang,hold,hold,,,1108
scrambled_text_opus_20260427_100040_de3f,scrambled,7,20,mid,1,0,stable,losing,shangdang,hold,hold,,,1382
scrambled_text_opus_20260427_100040_de3f,scrambled,8,20,mid,1,0,stable,losing,shangdang,hold,hold,,,1144
scrambled_text_opus_20260427_100040_de3f,scrambled,9,20,mid,1,0,stable,losing,shangdang,hold,hold,,,331
scrambled_text_opus_20260427_100040_de3f,scrambled,10,20,mid,1,0,stable,losing,shangdang,hold,hold,,,1035
scrambled_text_opus_20260427_100040_de3f,scrambled,11,20,mid,1,0,stable,losing,shangdang,hold,hold,,,1126
scrambled_text_opus_20260427_100040_de3f,scrambled,12,20,mid,1,0,stable,losing,shangdang,hold,hold,,,1219
scrambled_text_opus_20260427_100040_de3f,scrambled,13,20,mid,1,0,stable,losing,shangdang,hold,hold,,,1119
scrambled_text_opus_20260427_100040_de3f,scrambled,14,20,late,1,0,stable,losing,shangdang,hold,hold,,,759
scrambled_text_opus_20260427_100040_de3f,scrambled,15,20,late,1,0,stable,losing,shangdang,hold,hold,,,1332
scrambled_text_opus_20260427_100040_de3f,scrambled,16,20,late,1,0,stable,losing,shangdang,hold,hold,,,1373
scrambled_text_opus_20260427_100040_de3f,scrambled,17,20,late,1,0,stable,losing,shangdang,hold,hold,,,1098
scrambled_text_opus_20260427_100040_de3f,scrambled,18,20,late,1,0,stable,losing,shangdang,hold,hold,,,601
scrambled_text_opus_20260427_100040_de3f,scrambled,19,20,late,1,0,stable,losing,shangdang,hold,hold,,,1221
scrambled_text_opus_20260427_100040_de3f,scrambled,20,20,late,1,0,stable,losing,shangdang,hold,hold,,,1322
